"VISHNU ENTERPRISES                                                                                                                                                                                                                                                                                                                                                                                                                                                                                                                                                                                                                                                                                                                                                                                                                                                                                                                                                                                                                                        SHAW GARAGE,SHAHPUR AURANGABAD",,,,,,,,,,,,,,,,,,,,,
STOCK REPORT AS ON DATE 30-10-2018,,,,,,,,,,,,,,,,,,,,,
Code,Product Name,Unit,Current Stock,Sales Scheme Deal,Sales Scheme Free,Purc.Scheme Deal,Purc.Scheme Free,Cost Price,M.R.P.,Purchase Price,Sales Price,Company,Manufacturer,Rec.Date,Batch,MFG,EXP,Supplier,Inv.No,Inv.Date,Rack No.
FB301123,  BOUNCE-CHOCO CREAM 5 1*144,PCS,83025.19,0,0,0,0,0,5,4.31,0,ITC LIMITED.,,25-07-2018,5,-  -,-  -,ITC LIMITED.                  PATNA,C10A21-18612,16-08-2018,
81,  BOUNCE-ELAICHI CREAM 5 1*144,PCS,62102.81,0,0,0,0,0,5,4.31,0,ITC LIMITED.,,05-06-2018,5,-  -,-  -,ITC LIMITED.                  PATNA,C10A21-18612,16-08-2018,
4,  BOUNCE-ORANGE CREAM-5/- 1*144,PCS,32295.89,0,0,0,0,0,5,4.31,0,ITC LIMITED.,,18-05-2018,FB303122,-  -,-  -,ITC LIMITED.                  PATNA,C10A21-18380,14-08-2018,
FXC21005P,  CHIPS-5/-MIX 1*120,PCS,16304,0,0,0,0,0,5,4.29,0,ITC LIMITED.,,30-06-2018,FXC20005P,-  -,-  -,ITC LIMITED.                  PATNA,C10A21-19729,24-08-2018,
97,  MARIE LITE-5/- 1*120,PCS,12762,0,0,0,0,0,5,4.24,0,ITC LIMITED.,RAJU GUPTA,23-07-2018,5,-  -,-  -,ITC LIMITED.                  PATNA,C10A21-19640,23-08-2018,
FB451215,  MOM'S BUTER-5/- 1*144,PCS,278544,0,0,0,0,0,5,4.3,0,ITC LIMITED.,,01-07-2018,5,-  -,-  -,ITC LIMITED.                  PATNA,C10A21-19621,23-08-2018,
psvso0039,  MOM'S CASHEW 30/- 1*32,PCS,615,0,0,0,0,0,30,25.77,0,ITC LIMITED.,,22-08-2018,,-  -,-  -,ITC LIMITED.                  PATNA,C10A21-19640,23-08-2018,
276,  MOM'S CASHEW-10/- 1*72,PCS,11713.611,0,0,0,0,0,10,8.59,0,ITC LIMITED.,,08-07-2018,10,-  -,-  -,ITC LIMITED.                  PATNA,C10A21-18612,16-08-2018,
psvso0035,  MOMES CASHEW-5/- 1*144,PCS,26472,0,0,0,0,0,5,4.3,0,ITC LIMITED.,,23-05-2018,,-  -,-  -,ITC LIMITED.                  PATNA,C10A21-18380,14-08-2018,
FB451216,  MOMS BUTER-10/-. 1*72,PCS,18958.84,0,0,0,0,0,10,8.59,0,ITC LIMITED.,,07-07-2018,10,-  -,-  -,ITC LIMITED.                  PATNA,C10A21-17922,11-08-2018,
psvso0036,  MOMS BUTTER-30/- 1*32,PCS,491,0,0,0,0,0,30,25.77,0,ITC LIMITED.,,03-08-2018,,-  -,-  -,ITC LIMITED.                  PATNA,C10A21-19640,23-08-2018,
FB9621W,  TEDHE MEDHE-5/-(FB9621AC) 1*180,PCS,-115857,0,0,0,0,0,5,4.29,0,ITC LIMITED.,,27-01-2018,2,-  -,-  -,ITC LIMITED.                  PATNA,C10A21917010,25-05-2018,
FB9621W,  TEDHE MEDHE-5/-(FB9621AC) 1*180,PCS,-123481,0,0,0,0,0,5,4.29,0,ITC LIMITED.,,26-10-2018,,-  -,-  -,ITC LIMITED.                  PATNA,C10A61-00234,26-10-2018,
FB9621W,  TEDHE MEDHE-5/-(FB9621AC) 1*180,PCS,975061,0,0,0,0,0,5,4.29,0,ITC LIMITED.,,26-10-2018,5,-  -,-  -,ITC LIMITED.                  PATNA,C10A61-00235,26-10-2018,
256, 2.25LTR 7 UP 90/- 1*9,PCS,7.1,0,0,0,0,0,80,69.04,0,LUMBINI BEVERAGES PVT.LTD,,18-07-2016,79,-  -,-  -,LUMBINI BEVERAGES PVT.LTD     PATNA,L 1706250,16-07-2016,
147, 2.25LTR M.DEW-90 1*9,PCS,7.5,0,0,0,0,0,90,79,0,LUMBINI BEVERAGES PVT.LTD,,28-05-2016,90,-  -,-  -,LUMBINI BEVERAGES PVT.LTD     PATNA,T 1804027,16-07-2016,
255, 2.25LTR PEPSI 90/- 1*9,PCS,9.1,0,0,0,0,0,90,79,0,LUMBINI BEVERAGES PVT.LTD,,29-03-2017,90,-  -,-  -,LUMBINI BEVERAGES PVT.LTD     PATNA,L 1702632,03-05-2016,
205, ATTA-5 KG 1*6,PCS,-260,0,0,0,0,0,180,142.81,0,ITC LIMITED.,,26-07-2017,9,-  -,-  -,ITC LIMITED.                  PATNA,C10A21-16108,28-07-2018,
205, ATTA-5 KG 1*6,PCS,272,0,0,0,0,0,190,142.74,0,ITC LIMITED.,,12-08-2018,180,-  -,-  -,ITC LIMITED.                  PATNA,C10A2181-45,05-07-2017,
119, M.DEEP 12/-CHAMPA 1*288,PCS,150,0,0,0,0,0,12,5.47,0,ITC LIMITED.,,17-08-2015,12,-  -,-  -,,,-  -,
D.D. No. :, MOMES BUTER.MRP-30/- 1*32,PCS,1184,0,0,0,0,0,30,25.77,0,ITC LIMITED.,,03-05-2018,7,-  -,-  -,ITC LIMITED.                  PATNA,C10A21919449,09-06-2018,
D.D. No. :, MOMES BUTER.MRP-30/- 1*32,PCS,12761,0,0,0,0,0,30,25.77,0,ITC LIMITED.,,27-05-2018,,-  -,-  -,ITC LIMITED.                  PATNA,C10A21-14254,16-07-2018,
206,02000193 DRING B00K. 1*192,PCS,1,0,0,0,0,0,25,16.97,0,ITC LTD-EDUCATION & STATIONERY.,,29-03-2016,25,-  -,-  -,ITC LTD-STATIONERY.,2160/15,31-03-2016,
242,02000199.MRP-45. 1*96,PCS,4,0,0,0,0,0,45,30.54,0,ITC LTD-EDUCATION & STATIONERY.,,19-03-2016,45,-  -,-  -,ITC LTD-STATIONERY.,1977/15,27-03-2016,
210,02000213.MRP-55. 1*80,PCS,0.3,0,0,0,0,0,37,24.87,0,ITC LTD-EDUCATION & STATIONERY.,,03-10-2013,37,-  -,-  -,ITC LTD-STATIONERY.,1,03-10-2013,
211,02000221.MRP-40. 1*120,PCS,2.4,0,0,0,0,0,40,27.15,0,ITC LTD-EDUCATION & STATIONERY.,,10-08-2016,40,-  -,-  -,ITC LTD-STATIONERY.,2160/15,31-03-2016,
294,"02000222,MRP-40/- 1*120",PCS,1,0,0,0,0,0,40,27.15,0,ITC LTD-EDUCATION & STATIONERY.,,01-04-2016,40,-  -,-  -,ITC LTD-STATIONERY.,2160/15,31-03-2016,
212,02000224.SQURE.27/- 1*96,PCS,0,0,0,0,0,0,25,16.81,0,ITC LTD-EDUCATION & STATIONERY.,,31-12-2010,25,-  -,-  -,ITC LTD-STATIONERY.,1614/10,31-12-2010,
212,02000224.SQURE.27/- 1*96,PCS,0.36,0,0,0,0,0,27,16.81,0,ITC LTD-EDUCATION & STATIONERY.,,31-12-2010,27,-  -,-  -,ITC LTD-STATIONERY.,1595/10,31-12-2010,
213,02000226.MRP-40. 1*120,PCS,2,0,0,0,0,0,40,27.15,0,ITC LTD-EDUCATION & STATIONERY.,,19-03-2016,40,-  -,-  -,ITC LTD-STATIONERY.,2160/15,31-03-2016,
215,02000242.MRP-30 1*144,PCS,1,0,0,0,0,0,30,20.36,0,ITC LTD-EDUCATION & STATIONERY.,,01-04-2016,30,-  -,-  -,ITC LTD-STATIONERY.,2160/15,31-03-2016,
215,02000261.MRP-28. 1*192,PCS,24.136,0,0,0,0,0,28,19,0,ITC LTD-EDUCATION & STATIONERY.,,29-03-2016,28,-  -,-  -,ITC LTD-STATIONERY.,2160/15,31-03-2016,
406,02000299.MATH.28/- 1*192,PCS,1,0,0,0,0,0,28,19,0,ITC LTD-EDUCATION & STATIONERY.,,01-04-2016,28,-  -,-  -,ITC LTD-STATIONERY.,2160/15,31-03-2016,
216,02000326.MRP-85.L.B. 1*48,PCS,1,0,0,0,0,0,85,64.48,0,ITC LTD-EDUCATION & STATIONERY.,,30-06-2016,,-  -,-  -,ITC LTD-STATIONERY.,385,14-01-2017,
217,02000330.MRP-40/- 1*120,PCS,1,0,0,0,0,0,40,27.15,0,ITC LTD-EDUCATION & STATIONERY.,,10-08-2016,40,-  -,-  -,ITC LTD-STATIONERY.,1977/15,27-03-2016,
219,02000944.MRP-28/- .1*192,PCS,4,0,0,0,0,0,28,19,0,ITC LTD-EDUCATION & STATIONERY.,,01-04-2016,28,-  -,-  -,ITC LTD-STATIONERY.,2160/15,31-03-2016,
221,02000949.PRACTICAL.42/- 1*96,PCS,10,0,0,0,0,0,42,28.51,0,ITC LTD-EDUCATION & STATIONERY.,,10-08-2016,,-  -,-  -,,,-  -,
463,02000967.ENG.28/- 1*192,PCS,13.43,0,0,0,0,0,28,19,0,ITC LTD-EDUCATION & STATIONERY.,,29-03-2016,28,-  -,-  -,ITC LTD-STATIONERY.,1989/15,28-03-2016,
254,02000972.40/-(3IN1) 1*120,PCS,88.5,0,0,0,0,0,40,27.15,0,ITC LTD-EDUCATION & STATIONERY.,,29-03-2016,40,-  -,-  -,ITC LTD-STATIONERY.,2160/15,31-03-2016,
311,"02000980,NR.(NB)RS-25. 1*108",PCS,6.72,0,0,0,0,0,25,17.14,0,ITC LTD-EDUCATION & STATIONERY.,,02-04-2016,30,-  -,-  -,ITC LTD-STATIONERY.,2162/15,31-03-2016,
21,02000985.MRP-75. 1*60,PCS,1,0,0,0,0,0,75,50.9,0,ITC LTD-EDUCATION & STATIONERY.,,28-03-2016,75,-  -,-  -,ITC LTD-STATIONERY.,2001/15,29-03-2016,
21,02000985.MRP-75. 1*60,PCS,1,0,0,0,0,0,75,50.9,0,ITC LTD-EDUCATION & STATIONERY.,,02-04-2016,70,-  -,-  -,ITC LTD-STATIONERY.,2162/15,31-03-2016,
466,02001094 MRP 55/- 1*96,PCS,3,0,0,0,0,0,55,37.33,0,ITC LTD-EDUCATION & STATIONERY.,,29-03-2016,55,-  -,-  -,ITC LTD-STATIONERY.,2160/15,31-03-2016,
468,02001096 MRP 55/- 1*96,PCS,2,0,0,0,0,0,55,37.33,0,ITC LTD-EDUCATION & STATIONERY.,,10-08-2016,55,-  -,-  -,ITC LTD-STATIONERY.,2160/15,31-03-2016,
226,02001111.MRP-35/- 1*110,PCS,7.3,0,0,0,0,0,35,23.75,0,ITC LTD-EDUCATION & STATIONERY.,,10-08-2016,,-  -,-  -,,,-  -,
469,02001156. 1*240,PCS,4,0,0,0,0,0,20,13.57,0,ITC LTD-EDUCATION & STATIONERY.,,28-03-2016,20,-  -,-  -,ITC LTD-STATIONERY.,2001/15,29-03-2016,
500,02001190 MRP 10/- 1*480,PCS,1.96,0,0,0,0,0,10,6.79,0,ITC LTD-EDUCATION & STATIONERY.,,02-04-2016,10,-  -,-  -,ITC LTD-STATIONERY.,2162/15,31-03-2016,
493,02001218.MRP-40/- 1*160,PCS,2.8,0,0,0,0,0,40,27.15,0,ITC LTD-EDUCATION & STATIONERY.,,01-04-2016,40,-  -,-  -,ITC LTD-STATIONERY.,2160/15,31-03-2016,
566,02001221 1*220,PCS,1,0,0,0,0,0,20,13.57,0,ITC LTD-EDUCATION & STATIONERY.,,30-06-2016,20,-  -,-  -,ITC LTD-STATIONERY.,385,14-01-2017,
471,02331003.MRP-40 1*144,PCS,0.48,0,0,0,0,0,40,27.15,0,ITC LTD-EDUCATION & STATIONERY.,,28-03-2016,40,-  -,-  -,ITC LTD-STATIONERY.,2161/15,31-03-2016,
414,02331008.MRP-30/- 1*128,PCS,163,0,0,0,0,0,30,20.36,0,ITC LTD-EDUCATION & STATIONERY.,,20-03-2016,30,-  -,-  -,ITC LTD-STATIONERY.,2001/15,29-03-2016,
473,02331009.MRP-40 1*96,PCS,2,0,0,0,0,0,40,27.15,0,ITC LTD-EDUCATION & STATIONERY.,,28-03-2016,40,-  -,-  -,ITC LTD-STATIONERY.,2162/15,31-03-2016,
479,02331024.MRP-60. 1*72,PCS,2,0,0,0,0,0,60,40.72,0,ITC LTD-EDUCATION & STATIONERY.,,28-03-2016,60,-  -,-  -,ITC LTD-STATIONERY.,2002/15,29-03-2016,
499,02331030 MRP 18/- 1*168,PCS,1,0,0,0,0,0,18,12.22,0,ITC LTD-EDUCATION & STATIONERY.,,02-04-2016,18,-  -,-  -,ITC LTD-STATIONERY.,2162/15,31-03-2016,
415,02331033.MRP-30/- 1*160,PCS,4.128,0,0,0,0,0,30,20.36,0,ITC LTD-EDUCATION & STATIONERY.,,20-03-2016,30,-  -,-  -,ITC LTD-STATIONERY.,2161/15,31-03-2016,
415,02331033.MRP-30/- 1*160,PCS,19.32,0,0,0,0,0,30,20.36,0,ITC LTD-EDUCATION & STATIONERY.,,02-04-2016,25,-  -,-  -,ITC LTD-STATIONERY.,2161/15,31-03-2016,
416,02331034.MRP-25/- 1*192,PCS,2,0,0,0,0,0,25,16.97,0,ITC LTD-EDUCATION & STATIONERY.,,20-03-2016,25,-  -,-  -,ITC LTD-STATIONERY.,2001/15,29-03-2016,
424,02331042.MRP-20/- 1*160,PCS,5.4,0,0,0,0,0,20,13.52,0,ITC LTD-EDUCATION & STATIONERY.,,20-03-2016,20,-  -,-  -,ITC LTD-STATIONERY.,1818/16,22-03-2016,
444,02331049.MRP-25. 1*192,PCS,3,0,0,0,0,0,25,16.97,0,ITC LTD-EDUCATION & STATIONERY.,,20-03-2016,25,-  -,-  -,ITC LTD-STATIONERY.,2002/15,29-03-2016,
425,02331050.MRP-25/- 1*120,PCS,31.96,0,0,0,0,0,25,16.97,0,ITC LTD-EDUCATION & STATIONERY.,,20-03-2016,25,-  -,-  -,ITC LTD-STATIONERY.,2001/15,29-03-2016,
426,02331052.MRP-30/- 1*160,PCS,13.32,0,0,0,0,0,30,20.36,0,ITC LTD-EDUCATION & STATIONERY.,,20-03-2016,30,-  -,-  -,ITC LTD-STATIONERY.,1818/16,22-03-2016,
497,02331053 MRP 30/- 1*128,PCS,1,0,0,0,0,0,30,20.36,0,ITC LTD-EDUCATION & STATIONERY.,,02-04-2016,30,-  -,-  -,ITC LTD-STATIONERY.,2167/15,31-03-2016,
457,02331054QQ 1*128,PCS,7,0,0,0,0,0,30,20.36,0,ITC LTD-EDUCATION & STATIONERY.,,29-03-2016,30,-  -,-  -,ITC LTD-STATIONERY.,1978/15,27-03-2016,
431,02331065.MRP-25/- 1*160,PCS,2.8,0,0,0,0,0,25,16.97,0,ITC LTD-EDUCATION & STATIONERY.,,20-03-2016,25,-  -,-  -,ITC LTD-STATIONERY.,1818/16,22-03-2016,
516,02331066 1*192,PCS,4.32,0,0,0,0,0,25,0,0,ITC LTD-EDUCATION & STATIONERY.,,23-05-2016,25,-  -,-  -,,,-  -,
432,02331066.MRP-25/- 1*160,PCS,1,0,0,0,0,0,25,16.97,0,ITC LTD-EDUCATION & STATIONERY.,,28-03-2016,25,-  -,-  -,ITC LTD-STATIONERY.,2001/15,29-03-2016,
436,02331080.MRP-100. 1*48,PCS,1,0,0,0,0,0,100,67.87,0,ITC LTD-EDUCATION & STATIONERY.,,20-03-2016,100,-  -,-  -,ITC LTD-STATIONERY.,2001/15,29-03-2016,
445,02331087.MRP-30. 1*128,PCS,0.64,0,0,0,0,0,30,20.36,0,ITC LTD-EDUCATION & STATIONERY.,,20-03-2016,30,-  -,-  -,ITC LTD-STATIONERY.,1818/16,22-03-2016,
459,02331088.MRP-35/- 1*172,PCS,18.104,0,0,0,0,0,35,23.75,0,ITC LTD-EDUCATION & STATIONERY.,,29-03-2016,35,-  -,-  -,ITC LTD-STATIONERY.,2167/15,31-03-2016,
501,02331104 MRP 30/- 1*140,PCS,1,0,0,0,0,0,30,20.36,0,ITC LTD-EDUCATION & STATIONERY.,,02-04-2016,30,-  -,-  -,ITC LTD-STATIONERY.,2164/15,31-03-2016,
502,02331105 MRP 30/- 1*100,PCS,1.4,0,0,0,0,0,30,20.36,0,ITC LTD-EDUCATION & STATIONERY.,,02-04-2016,30,-  -,-  -,ITC LTD-STATIONERY.,2164/15,31-03-2016,
482,02331111.MRP-14. 1*400,PCS,8,0,0,0,0,0,14,9.5,0,ITC LTD-EDUCATION & STATIONERY.,,28-03-2016,14,-  -,-  -,ITC LTD-STATIONERY.,2167/15,31-03-2016,
483,02331113.MRP-50. 1*96,PCS,1,0,0,0,0,0,50,33.94,0,ITC LTD-EDUCATION & STATIONERY.,,28-03-2016,50,-  -,-  -,ITC LTD-STATIONERY.,2002/15,29-03-2016,
437,02331114.MRP-20. 1*168,PCS,1,0,0,0,0,0,20,13.57,0,ITC LTD-EDUCATION & STATIONERY.,,20-03-2016,20,-  -,-  -,ITC LTD-STATIONERY.,2002/15,29-03-2016,
446,02331200.MRP-40. 1*120,PCS,28,0,0,0,0,0,40,27.15,0,ITC LTD-EDUCATION & STATIONERY.,,20-03-2016,40,-  -,-  -,ITC LTD-STATIONERY.,2167/15,31-03-2016,
484,02331209.MRP-28. 1*144,PCS,1,0,0,0,0,0,28,19,0,ITC LTD-EDUCATION & STATIONERY.,,28-03-2016,28,-  -,-  -,ITC LTD-STATIONERY.,2002/15,29-03-2016,
442,02331217.MRP-40. 1*120,PCS,1,0,0,0,0,0,40,27.15,0,ITC LTD-EDUCATION & STATIONERY.,,20-03-2016,40,-  -,-  -,ITC LTD-STATIONERY.,2001/15,29-03-2016,
443,02331218.MRP-40. 1*120,PCS,4,0,0,0,0,0,40,27.15,0,ITC LTD-EDUCATION & STATIONERY.,,20-03-2016,40,-  -,-  -,ITC LTD-STATIONERY.,2001/15,29-03-2016,
485,02331221.MRP-40. 1*120,PCS,2,0,0,0,0,0,40,27.15,0,ITC LTD-EDUCATION & STATIONERY.,,28-03-2016,40,-  -,-  -,ITC LTD-STATIONERY.,2002/15,29-03-2016,
268,04010001.GEOMATRY BOX.100/- 1*120,PCS,1,0,0,0,0,0,100,67.87,0,ITC LTD-EDUCATION & STATIONERY.,,30-06-2016,100,-  -,-  -,ITC LTD-STATIONERY.,386,14-01-2017,
503,040100098 MRP 3/- 1*100,PCS,414,0,0,0,0,0,3,0,0,ITC LTD-EDUCATION & STATIONERY.,,02-04-2016,3,-  -,-  -,ITC LTD-STATIONERY.,2163/15,31-03-2016,
358,"04010020,MRP-15.SHARPNERS. 1*50",PCS,0.35,0,0,0,0,0,15,9.5,0,ITC LTD-EDUCATION & STATIONERY.,,03-10-2013,15,-  -,-  -,ITC LTD-STATIONERY.,1,03-10-2013,
319,"04010024,INVENTO COMPASS.20/- 1*400",PCS,0.24,0,0,0,0,0,20,12.67,16,ITC LTD-EDUCATION & STATIONERY.,,03-10-2013,20,-  -,-  -,ITC LTD-STATIONERY.,1,03-10-2013,
320,"04010025,INV.EXA.KIT,RS-40. 1*400",PCS,2.93,0,0,0,0,0,40,25.34,0,ITC LTD-EDUCATION & STATIONERY.,,07-01-2014,40,-  -,-  -,ITC LTD-STATIONERY.,1237/12,22-11-2012,
473,04010026.SCALE-5/- 1*800,PCS,0.65,0,0,0,0,0,5,3.55,0,ITC LTD-EDUCATION & STATIONERY.,,03-10-2013,5,-  -,-  -,ITC LTD-STATIONERY.,2271/13,27-03-2014,
442,04010029.IN.PLUS-120/- 1*10,PCS,9,0,0,0,0,0,120,86.87,0,ITC LTD-EDUCATION & STATIONERY.,,23-01-2014,120,-  -,-  -,ITC LTD-STATIONERY.,1366/13,04-02-2014,
504,04010039 MRP 3/- 1*1200,PCS,5.6,0,0,0,0,0,3,2.5,0,ITC LTD-EDUCATION & STATIONERY.,,02-04-2016,3,-  -,-  -,ITC LTD-STATIONERY.,2163/15,31-03-2016,
230,04020001.PENCIL.MRP-4/- 1*3200,PCS,1.252,0,0,0,0,0,4,2.85,0,ITC LTD-EDUCATION & STATIONERY.,,04-01-2014,4,-  -,-  -,ITC LTD-STATIONERY.,2269/13,27-03-2014,
389,04020006.PENCIL.MRP-5/- 1*100,PCS,1,0,0,0,0,0,5,3.39,0,ITC LTD-EDUCATION & STATIONERY.,,19-12-2013,5,-  -,-  -,ITC LTD-STATIONERY.,1124/13,21-12-2013,
411,04020010.PENCIL RUBBER.5/- 1*150,PCS,0.1,0,0,0,0,0,5,3.39,0,ITC LTD-EDUCATION & STATIONERY.,,03-10-2013,5,-  -,-  -,ITC LTD-STATIONERY.,1,03-10-2013,
384,04020013-PENCIL.MRP-4/- 1*3200,PCS,3.18,0,0,0,0,0,3,2.17,0,ITC LTD-EDUCATION & STATIONERY.,,03-10-2013,3,-  -,-  -,ITC LTD-STATIONERY.,1,03-10-2013,
384,04020013-PENCIL.MRP-4/- 1*3200,PCS,0.311,0,0,0,0,0,4,2.71,0,ITC LTD-EDUCATION & STATIONERY.,,05-10-2013,4,-  -,-  -,ITC LTD-STATIONERY.,2278/12,18-03-2013,
185,"04020016.M,PENCIL.10/- 1*10",PCS,8,0,0,0,0,0,10,6.79,0,ITC LTD-EDUCATION & STATIONERY.,,19-12-2013,10,-  -,-  -,ITC LTD-STATIONERY.,1124/13,21-12-2013,
577,4020026,PCS,120,0,0,0,0,0,0,10.18,0,ITC LTD-EDUCATION & STATIONERY.,,30-06-2016,,-  -,-  -,ITC LTD-STATIONERY.,386,14-01-2017,
578,4020048,PCS,3200,0,0,0,0,0,0,2.71,0,ITC LTD-EDUCATION & STATIONERY.,,30-06-2016,,-  -,-  -,ITC LTD-STATIONERY.,386,14-01-2017,
232,04030001.PEN.BLUE-5/- 1*100,PCS,9.88,0,0,0,0,0,5,3.39,0,ITC LTD-EDUCATION & STATIONERY.,,03-10-2013,5,-  -,-  -,ITC LTD-STATIONERY.,1,03-10-2013,
233,04030002.PEN(GEL)5/-BLACK. 1*100,PCS,1.15,0,0,0,0,0,5,3.39,0,ITC LTD-EDUCATION & STATIONERY.,,11-10-2013,5,-  -,-  -,ITC LTD-STATIONERY.,2183/11,06-12-2011,
352,"04030005.PEN-B.FINE,RS-6. 1*200",PCS,0.9,0,0,0,0,0,6,4.07,0,ITC LTD-EDUCATION & STATIONERY.,,11-10-2013,6,-  -,-  -,ITC LTD-STATIONERY.,1920/11,26-11-2011,
234,"04030009,PEN-OCTAN BLUE.10 1*20",PCS,203.11,0,0,0,0,0,10,6.79,0,ITC LTD-EDUCATION & STATIONERY.,,03-10-2013,10,-  -,-  -,ITC LTD-STATIONERY.,384,14-01-2017,
235,04030010.PEN.OCTEN-RED.10/- 1*400,PCS,0.382,0,0,0,0,0,10,6.79,0,ITC LTD-EDUCATION & STATIONERY.,,03-10-2013,10,-  -,-  -,ITC LTD-STATIONERY.,1489/13,26-02-2014,
236,"04030011.PEN.OCTEN BLACK,10/- 1*20",PCS,41.6,0,0,0,0,0,10,6.79,0,ITC LTD-EDUCATION & STATIONERY.,,03-10-2013,10,-  -,-  -,ITC LTD-STATIONERY.,1489/13,26-02-2014,
390,"04030016,PEN.B-POSITIVE.9/- 1*100",PCS,3.37,0,0,0,0,0,8,5.43,0,ITC LTD-EDUCATION & STATIONERY.,,11-10-2013,8,-  -,-  -,ITC LTD-STATIONERY.,00001678/12,23-01-2013,
390,"04030016,PEN.B-POSITIVE.9/- 1*100",PCS,1,0,0,0,0,0,9,6.11,0,ITC LTD-EDUCATION & STATIONERY.,,09-01-2014,9,-  -,-  -,ITC LTD-STATIONERY.,1272/13,17-01-2014,
237,04030019.PEN QWICK BLUE-5/- 1*100,PCS,2.3,0,0,0,0,0,5,3.39,0,ITC LTD-EDUCATION & STATIONERY.,,03-10-2013,5,-  -,-  -,ITC LTD-STATIONERY.,1124/13,21-12-2013,
238,04030020.BOLL PEN.5/-BLACK. 1*100,PCS,2.71,0,0,0,0,0,5,3.39,0,ITC LTD-EDUCATION & STATIONERY.,,11-10-2013,5,-  -,-  -,ITC LTD-STATIONERY.,1489/13,26-02-2014,
407,04030029.ATTILA BLACK.15/- 1*15,PCS,0.12,0,0,0,0,0,15,10.18,0,ITC LTD-EDUCATION & STATIONERY.,,03-10-2013,15,-  -,-  -,ITC LTD-STATIONERY.,1,03-10-2013,
372,04030045.BLUE BOL PEN-5. 1*200,PCS,1.95,0,0,0,0,0,5,3.39,0,ITC LTD-EDUCATION & STATIONERY.,,11-10-2013,5,-  -,-  -,ITC LTD-STATIONERY.,962/12,19-09-2012,
381,04030046-5/=BLACK PEN. 1*100,PCS,0.3,0,0,0,0,0,5,3.39,4,ITC LTD-EDUCATION & STATIONERY.,,11-10-2013,5,-  -,-  -,ITC LTD-STATIONERY.,2180/11,06-12-2011,
363,"04030051,CRYPTON BLUE.10/- 1*20",PCS,85.11,0,0,0,0,0,10,6.79,8,ITC LTD-EDUCATION & STATIONERY.,,03-10-2013,10,-  -,-  -,ITC LTD-STATIONERY.,1489/13,26-02-2014,
369,04030052.BLACK CRYPTON-10. 1*60,PCS,5,0,0,0,0,0,10,6.79,8,ITC LTD-EDUCATION & STATIONERY.,,03-10-2013,10,-  -,-  -,ITC LTD-STATIONERY.,1,03-10-2013,
391,"04030053,MRP-10 1*100",PCS,0.2,0,0,0,0,0,10,6.79,8,ITC LTD-EDUCATION & STATIONERY.,,11-10-2013,10,-  -,-  -,ITC LTD-STATIONERY.,2116/11,03-12-2011,
396,04030057.PEN-15. 1*10,PCS,1.6,0,0,0,0,0,15,10.18,12,ITC LTD-EDUCATION & STATIONERY.,,03-10-2013,15,-  -,-  -,ITC LTD-STATIONERY.,1,03-10-2013,
392,04030060.PEN.MRP-20. 1*100,PCS,0.2,0,0,0,0,0,20,14.25,16,ITC LTD-EDUCATION & STATIONERY.,,11-10-2013,20,-  -,-  -,ITC LTD-STATIONERY.,1437/11,30-09-2011,
420,04030075.BOLL PEN-5. 1*600,PCS,0.372,0,0,0,0,0,5,3.39,4,ITC LTD-EDUCATION & STATIONERY.,,11-10-2013,5,-  -,-  -,ITC LTD-STATIONERY.,1489/13,26-02-2014,
386,04030078 MRP-5.BOL PEN. 1*100,PCS,5.6,0,0,0,0,0,5,3.39,3.75,ITC LTD-EDUCATION & STATIONERY.,,03-10-2013,5,-  -,-  -,ITC LTD-STATIONERY.,1489/13,26-02-2014,
161,04030078 PENCIL,PCS,29,0,0,0,0,0,15,7.5,8,ITC LTD-EDUCATION & STATIONERY.,,11-10-2013,15,-  -,-  -,,,-  -,
387,04030081-GLWIZ BLUE./-5 1*300,PCS,0.85,0,0,0,0,0,5,3.39,4,ITC LTD-EDUCATION & STATIONERY.,,11-10-2013,5,-  -,-  -,ITC LTD-STATIONERY.,1888/12,23-02-2013,
385,04030083.GLOWIZ RED-MRP-5. 1*100,PCS,2.15,0,0,0,0,0,5,3.39,4,ITC LTD-EDUCATION & STATIONERY.,,03-10-2013,5,-  -,-  -,ITC LTD-STATIONERY.,1,03-10-2013,
180,04030084.PEN-5/- 1*100,PCS,6,0,0,0,0,0,5,3.39,3.75,ITC LTD-EDUCATION & STATIONERY.,,19-12-2013,5,-  -,-  -,ITC LTD-STATIONERY.,1489/13,26-02-2014,
159,04030089(PEN)MRP 5/-,PCS,200,0,0,0,0,0,5,3.75,4,ITC LTD-EDUCATION & STATIONERY.,,03-10-2013,5,-  -,-  -,ITC LTD-STATIONERY.,1,03-10-2013,
416,04030093-BLUE OCTOFLO-10. 1*20,PCS,197.3,0,0,0,0,0,10,6.79,7.5,ITC LTD-EDUCATION & STATIONERY.,,03-10-2013,10,-  -,-  -,ITC LTD-STATIONERY.,1489/13,26-02-2014,
58,04030094.OCT.BLACK.10/- 1*20,PCS,10,0,0,0,0,0,10,6.79,8,ITC LTD-EDUCATION & STATIONERY.,,23-01-2014,10,-  -,-  -,ITC LTD-STATIONERY.,1489/13,26-02-2014,
178,04030139 STICK PEN-10 1*20,PCS,27.15,0,0,0,0,0,10,6.79,8,ITC LTD-EDUCATION & STATIONERY.,,13-12-2013,10,-  -,-  -,ITC LTD-STATIONERY.,00001075/13,19-12-2033,
181,04030140.PEN-BOX.10/- 1*20,PCS,4,0,0,0,0,0,10,6.79,7.5,ITC LTD-EDUCATION & STATIONERY.,,19-12-2013,10,-  -,-  -,ITC LTD-STATIONERY.,1124/13,21-12-2013,
182,04030142.PEN.BOX.10/- 1*20,PCS,15.1,0,0,0,0,0,10,6.79,7.5,ITC LTD-EDUCATION & STATIONERY.,,23-01-2014,10,-  -,-  -,ITC LTD-STATIONERY.,386,14-01-2017,
183,04030143.BOX-10/- 1*20,PCS,9.13,0,0,0,0,0,10,6.79,7.5,ITC LTD-EDUCATION & STATIONERY.,,19-12-2013,10,-  -,-  -,ITC LTD-STATIONERY.,386,14-01-2017,
179,04030145 CRYPTOZIP-10 1*20,PCS,41.4,0,0,0,0,0,10,6.79,7.5,ITC LTD-EDUCATION & STATIONERY.,,13-12-2013,10,-  -,-  -,ITC LTD-STATIONERY.,00001075/13,19-12-2033,
184,04030146.BOX PEN-10/- 1*20,PCS,0.4,0,0,0,0,0,10,6.79,7.5,ITC LTD-EDUCATION & STATIONERY.,,19-12-2013,10,-  -,-  -,ITC LTD-STATIONERY.,1124/13,21-12-2013,
576,4030160,PCS,100,0,0,0,0,0,0,13.57,0,ITC LTD-EDUCATION & STATIONERY.,,30-06-2016,,-  -,-  -,ITC LTD-STATIONERY.,386,14-01-2017,
574,04030215Z,PCS,460,0,0,0,0,0,0,6.79,0,ITC LTD-EDUCATION & STATIONERY.,,30-06-2016,,-  -,-  -,ITC LTD-STATIONERY.,384,14-01-2017,
228,0403073.PEN-5/- 1*200,PCS,12.15,0,0,0,0,0,3,1.82,2.25,ITC LTD-EDUCATION & STATIONERY.,,14-03-2014,3,-  -,-  -,ITC LTD-STATIONERY.,2051/13,15-03-2014,
408,04039007.6/-(RIFIL OC.BLU) 1*20,PCS,68,0,0,0,0,0,6,4.07,4.5,ITC LTD-EDUCATION & STATIONERY.,,03-10-2013,6,-  -,-  -,ITC LTD-STATIONERY.,1176/13,30-12-2013,
136,04039009(RIFIL OC.BLACK) 1*20,PCS,15,0,0,0,0,0,6,4.07,4.8,ITC LTD-EDUCATION & STATIONERY.,,03-10-2013,6,-  -,-  -,ITC LTD-STATIONERY.,1,03-10-2013,
500,04040003.MARKER-BLUE.22/- 1*60,PCS,0.2,0,0,0,0,0,22,15.93,17.6,ITC LTD-EDUCATION & STATIONERY.,,03-10-2013,22,-  -,-  -,ITC LTD-STATIONERY.,1,03-10-2013,
501,04040006.MARKER-BLACK.20/- 1*60,PCS,0.4,0,0,0,0,0,20,14.48,16,ITC LTD-EDUCATION & STATIONERY.,,03-10-2013,20,-  -,-  -,ITC LTD-STATIONERY.,1,03-10-2013,
492,04040007-MARKER.RED-20/- 1*60,PCS,0.48,0,0,0,0,0,20,14.48,16,ITC LTD-EDUCATION & STATIONERY.,,03-10-2013,20,-  -,-  -,ITC LTD-STATIONERY.,1,03-10-2013,
493,04040008-MARKER BLUE.20/- 1*60,PCS,1.1,0,0,0,0,0,20,14.48,16,ITC LTD-EDUCATION & STATIONERY.,,03-10-2013,20,-  -,-  -,ITC LTD-STATIONERY.,1,03-10-2013,
494,04040011-HIGHLITER PEN. 1*60,PCS,0.4,0,0,0,0,0,20,14.48,16,ITC LTD-EDUCATION & STATIONERY.,,03-10-2013,20,-  -,-  -,ITC LTD-STATIONERY.,1,03-10-2013,
303,04050001-WAX COLOUR.10/- 1*10,PCS,30,0,0,0,0,0,10,6.79,7.5,ITC LTD-EDUCATION & STATIONERY.,,03-10-2013,10,-  -,-  -,ITC LTD-STATIONERY.,384,14-01-2017,
454,04050003-WAX COLOUR.25/- 1*16,PCS,0.1,0,0,0,0,0,25,16.97,20,ITC LTD-EDUCATION & STATIONERY.,,03-10-2013,25,-  -,-  -,ITC LTD-STATIONERY.,1,03-10-2013,
454,04050003-WAX COLOUR.25/- 1*16,PCS,1.4,0,0,0,0,0,20,13.57,20,ITC LTD-EDUCATION & STATIONERY.,,09-01-2014,20,-  -,-  -,ITC LTD-STATIONERY.,1272/13,17-01-2014,
487,04050004-WAX COLOUR-40/- 1*12,PCS,12.11,0,0,0,0,0,40,27.15,32,ITC LTD-EDUCATION & STATIONERY.,,03-10-2013,40,-  -,-  -,ITC LTD-STATIONERY.,1272/13,17-01-2014,
455,04050005-WAX COLOUR.75/- 1*24,PCS,0.15,0,0,0,0,0,75,50.9,60,ITC LTD-EDUCATION & STATIONERY.,,03-10-2013,75,-  -,-  -,ITC LTD-STATIONERY.,1,03-10-2013,
445,04052001-SKETCH. 1*12,PCS,20.1,0,0,0,0,0,30,20.36,24,ITC LTD-EDUCATION & STATIONERY.,,03-10-2013,30,-  -,-  -,ITC LTD-STATIONERY.,1,03-10-2013,
200,"1000ML.45/-M,DEW. 1*12",PCS,19.3,0,0,0,0,0,45,40,42.08,LUMBINI BEVERAGES PVT.LTD,,22-04-2014,45,-  -,-  -,LUMBINI BEVERAGES PVT.LTD     PATNA,11488,28-03-2015,
74,"1200 ML,-SLICE-65/- 1*12",PCS,37.5,0,0,0,0,0,65,56.83,59.17,LUMBINI BEVERAGES PVT.LTD,,29-04-2016,65,-  -,-  -,LUMBINI BEVERAGES PVT.LTD     PATNA,T 2001594,18-05-2017,
324,1250ML 7UP 55/- 1*12,PCS,36.6,0,0,0,0,0,50,43.45,50.42,LUMBINI BEVERAGES PVT.LTD,,25-04-2016,55,-  -,-  -,LUMBINI BEVERAGES PVT.LTD     PATNA,1709920,17-03-2017,
324,1250ML 7UP 55/- 1*12,PCS,1,0,0,0,0,0,50,43.45,50.42,LUMBINI BEVERAGES PVT.LTD,,04-02-2017,50,-  -,-  -,LUMBINI BEVERAGES PVT.LTD     PATNA,L 1708476,31-01-2017,
324,1250ML 7UP 55/- 1*12,PCS,40,0,0,0,0,0,55,48.33,50.42,LUMBINI BEVERAGES PVT.LTD,,18-05-2017,0,-  -,-  -,LUMBINI BEVERAGES PVT.LTD     PATNA,L 2202351,18-05-2017,
323,1250ML M.DEW 55/- 1*12,PCS,29.8,0,0,0,0,0,50,43.45,50.42,LUMBINI BEVERAGES PVT.LTD,,28-05-2016,55,-  -,-  -,LUMBINI BEVERAGES PVT.LTD     PATNA,L171424,31-03-2017,
323,1250ML M.DEW 55/- 1*12,PCS,2,0,0,0,0,0,50,43.45,50.42,LUMBINI BEVERAGES PVT.LTD,,04-02-2017,50,-  -,-  -,LUMBINI BEVERAGES PVT.LTD     PATNA,L 1708476,31-01-2017,
323,1250ML M.DEW 55/- 1*12,PCS,20,0,0,0,0,0,55,48.33,50.42,LUMBINI BEVERAGES PVT.LTD,,18-05-2017,0,-  -,-  -,LUMBINI BEVERAGES PVT.LTD     PATNA,L 2202351,18-05-2017,
120,1250ML PEPSI 55/- 1*12,PCS,26,0,0,0,0,0,55,48.08,50,LUMBINI BEVERAGES PVT.LTD,,17-06-2015,55,-  -,-  -,LUMBINI BEVERAGES PVT.LTD     PATNA,2200282,11-04-2017,
120,1250ML PEPSI 55/- 1*12,PCS,15,0,0,0,0,0,49,48.08,50,LUMBINI BEVERAGES PVT.LTD,,10-11-2015,49,-  -,-  -,LUMBINI BEVERAGES PVT.LTD     PATNA,T1800904,22-04-2016,
85,200ML 7UP 12/- 1*24,PCS,249.2,0,0,0,0,0,12,10,10.83,LUMBINI BEVERAGES PVT.LTD,,18-05-2017,0,-  -,-  -,LUMBINI BEVERAGES PVT.LTD     PATNA,L2202350,18-05-2017,
8,200ML M.DEW 12/- 1*24,PCS,1,0,0,0,0,0,10,10,10.83,LUMBINI BEVERAGES PVT.LTD,,26-08-2016,10,-  -,-  -,LUMBINI BEVERAGES PVT.LTD     PATNA,2200281,13-04-2017,
8,200ML M.DEW 12/- 1*24,PCS,103,0,0,0,0,0,12,10,10.83,LUMBINI BEVERAGES PVT.LTD,,27-04-2017,MD5250A26D17,-  -,-  -,LUMBINI BEVERAGES PVT.LTD     PATNA,L2201098,01-05-2017,
8,200ML M.DEW 12/- 1*24,PCS,300,0,0,0,0,0,12,10,10.83,LUMBINI BEVERAGES PVT.LTD,,18-05-2017,0,-  -,-  -,LUMBINI BEVERAGES PVT.LTD     PATNA,L2202350,18-05-2017,
189,200ML PEPSI 10/- 1*24,PCS,86,0,0,0,0,0,10,8.54,9.17,LUMBINI BEVERAGES PVT.LTD,,27-04-2017,P5250AD9K16,-  -,-  -,LUMBINI BEVERAGES PVT.LTD     PATNA,L2201098,01-05-2017,
190,200ML-M.ORANGE.-12/- 1*24,PCS,42,0,0,0,0,0,12,8.54,11.04,LUMBINI BEVERAGES PVT.LTD,,08-05-2016,12,-  -,-  -,LUMBINI BEVERAGES PVT.LTD     PATNA,2200281,13-04-2017,
246,200ML.SLICE-GLASS.12/- 1*24,PCS,17,0,0,0,0,0,14,10,11.04,LUMBINI BEVERAGES PVT.LTD,,26-08-2016,14,-  -,-  -,LUMBINI BEVERAGES PVT.LTD     PATNA,1709739,11-03-2017,
246,200ML.SLICE-GLASS.12/- 1*24,PCS,48,0,0,0,0,0,12,10,11.04,LUMBINI BEVERAGES PVT.LTD,,27-04-2017,SM5250B25D17,-  -,-  -,LUMBINI BEVERAGES PVT.LTD     PATNA,L2201098,01-05-2017,
592,2L 7UP 85/- 1*9,PCS,1001,0,0,0,0,0,85,74.56,77.22,LUMBINI BEVERAGES PVT.LTD,,15-03-2017,,-  -,-  -,LUMBINI BEVERAGES PVT.LTD     PATNA,1709920,17-03-2017,
593,2L DEW 85/- 1*9,PCS,726,0,0,0,0,0,85,74.56,77.22,LUMBINI BEVERAGES PVT.LTD,,15-03-2017,,-  -,-  -,LUMBINI BEVERAGES PVT.LTD     PATNA,L171424,31-03-2017,
593,2L DEW 85/- 1*9,PCS,162,0,0,0,0,0,70,74.56,77.22,LUMBINI BEVERAGES PVT.LTD,,15-03-2017,70,-  -,-  -,LUMBINI BEVERAGES PVT.LTD     PATNA,1709920,17-03-2017,
591,2L PEPSI 85/-,PCS,379,0,0,0,0,0,85,74.56,77.78,LUMBINI BEVERAGES PVT.LTD,,15-03-2017,,-  -,-  -,LUMBINI BEVERAGES PVT.LTD     PATNA,L171424,31-03-2017,
321,"400ML-M,DEW-20/- 1*24",PCS,4,0,0,0,0,0,20,17.33,21.46,LUMBINI BEVERAGES PVT.LTD,,04-02-2017,20,-  -,-  -,LUMBINI BEVERAGES PVT.LTD     PATNA,L1708475,31-01-2017,
261,400ML-PEPSI.20/- 1*24,PCS,2.3,0,0,0,0,0,23,20.08,21.46,LUMBINI BEVERAGES PVT.LTD,,18-06-2016,23,-  -,-  -,LUMBINI BEVERAGES PVT.LTD     PATNA,2200281,13-04-2017,
261,400ML-PEPSI.20/- 1*24,PCS,6,0,0,0,0,0,23,20.08,21.46,LUMBINI BEVERAGES PVT.LTD,,18-07-2016,25,-  -,-  -,LUMBINI BEVERAGES PVT.LTD     PATNA,T 1804027,16-07-2016,
261,400ML-PEPSI.20/- 1*24,PCS,4.16,0,0,0,0,0,20,18,18,LUMBINI BEVERAGES PVT.LTD,,02-04-2017,20,-  -,-  -,LUMBINI BEVERAGES PVT.LTD     PATNA,L1710425,30-03-2017,
421,555 GOLD 1*10,PCS,7,0,0,0,0,0,6,4.98,0,ITC LIMITED.,,24-06-2013,6,-  -,-  -,ITC LIMITED.                  PATNA,95574772,11-05-2013,
191,600 ML-7.UP.MRP-34/- 1*24,PCS,83.2,0,0,0,0,0,32,29.83,30.83,LUMBINI BEVERAGES PVT.LTD,,26-04-2016,32,-  -,-  -,LUMBINI BEVERAGES PVT.LTD     PATNA,1703417,12-05-2016,
191,600 ML-7.UP.MRP-34/- 1*24,PCS,0.2,0,0,0,0,0,34,25.26,30.83,LUMBINI BEVERAGES PVT.LTD,,27-04-2016,34,-  -,-  -,LUMBINI BEVERAGES PVT.LTD     PATNA,L1600620,19-04-2015,
191,600 ML-7.UP.MRP-34/- 1*24,PCS,199.22,0,0,0,0,0,34,29.83,30.92,LUMBINI BEVERAGES PVT.LTD,,04-02-2017,34,-  -,-  -,LUMBINI BEVERAGES PVT.LTD     PATNA,1709920,17-03-2017,
325,600 ML-M.DEEW-MRP-34/- 1*24,PCS,0.23,0,0,0,0,0,34,29.83,30.92,LUMBINI BEVERAGES PVT.LTD,,01-05-2017,34,-  -,-  -,LUMBINI BEVERAGES PVT.LTD     PATNA,1709920,17-03-2017,
170,600ML PEPSI 34/- 1*24,PCS,17.19,0,0,0,0,0,36,26.58,30.92,LUMBINI BEVERAGES PVT.LTD,,25-04-2016,36,-  -,-  -,LUMBINI BEVERAGES PVT.LTD     PATNA,2200282,11-04-2017,
170,600ML PEPSI 34/- 1*24,PCS,1,0,0,0,0,0,34,30.92,30.92,LUMBINI BEVERAGES PVT.LTD,,18-07-2016,34,-  -,-  -,LUMBINI BEVERAGES PVT.LTD     PATNA,L 1706250,16-07-2016,
73,600ML SLICE 35/- 1*24,PCS,30,0,0,0,0,0,35,30.58,33.75,LUMBINI BEVERAGES PVT.LTD,,22-06-2016,37,-  -,-  -,LUMBINI BEVERAGES PVT.LTD     PATNA,T 2001594,18-05-2017,
307,600ML SODA 1*24,PCS,5.17,0,0,0,0,0,15,10,11.04,LUMBINI BEVERAGES PVT.LTD,,28-05-2016,15,-  -,-  -,LUMBINI BEVERAGES PVT.LTD     PATNA,1803202,07-06-2016,
248,750ML.PEPSI-35/- 1*24,PCS,3.16,0,0,0,0,0,30,29.83,30,LUMBINI BEVERAGES PVT.LTD,,16-05-2016,30,-  -,-  -,LUMBINI BEVERAGES PVT.LTD     PATNA,1703417,12-05-2016,
9702,AIM YELLOW 1/- 1*600,PCS,9000,0,0,0,0,0.75,1,0.75,0.75,ITC LIMITED.,,27-09-2017,9702,-  -,-  -,ITC LIMITED.                  PATNA,C10A2191-415,05-04-2018,
9702,AIM YELLOW 1/- 1*600,PCS,122790,0,0,0,0,0.76,1,0.76,0.75,ITC LIMITED.,,25-10-2018,3,-  -,-  -,ITC LIMITED.                  PATNA,C10A21-27225,25-10-2018,
384,AIM YELLOW-MEGA.2/- 1*300,PCS,15590,0,0,0,0,1.36,2,1.36,1.43,ITC LIMITED.,,06-08-2018,,-  -,-  -,ITC LIMITED.                  PATNA,C10A21-17593,08-08-2018,
136,ANAND AQA 1LTR 1*12,PCS,4.7,0,0,0,0,0,12,6,7.5,P,,01-04-2009,12,-  -,-  -,CASH,759,08-01-2010,
391,AQUAFINA-1000ML-20/- 1*15,PCS,65.12,0,0,0,0,0,20,11.87,14.67,LUMBINI BEVERAGES PVT.LTD,,20-04-2016,12,-  -,-  -,LUMBINI BEVERAGES PVT.LTD     PATNA,1709921,17-03-2017,
391,AQUAFINA-1000ML-20/- 1*15,PCS,16,0,0,0,0,0,20,11.87,14.67,LUMBINI BEVERAGES PVT.LTD,,18-05-2017,0,-  -,-  -,LUMBINI BEVERAGES PVT.LTD     PATNA,L2202350,18-05-2017,
163,AQWAFINA-1000ML-20/- 1*12,PCS,11.1,0,0,0,0,0,20,11.7,14.67,LUMBINI BEVERAGES PVT.LTD,,13-08-2015,20,-  -,-  -,LUMBINI BEVERAGES PVT.LTD     PATNA,1803202,07-06-2016,
204,ATTA-10 KG 1*3,PCS,756,0,0,0,0,290.44,350,290.44,306.67,ITC LIMITED.,,23-10-2018,340,-  -,-  -,ITC LIMITED.                  PATNA,C10A21-26950,23-10-2018,
PENPK0043,ATTA-5-KG. 1*6,PCS,132,0,0,0,0,142.81,190,142.81,155.83,ITC LIMITED.,,09-09-2018,,-  -,-  -,ITC LIMITED.                  PATNA,C10A21-21431,09-09-2018,
PENPK0043,ATTA-5-KG. 1*6,PCS,428,0,0,0,0,147.62,190,147.62,155.83,ITC LIMITED.,,23-10-2018,180,-  -,-  -,ITC LIMITED.                  PATNA,C10A21-26950,23-10-2018,
488,B.& HEDGES.20. 1*20,PCS,40,0,0,0,0,0,9.5,9.36,20,ITC LIMITED.,,28-01-2016,9.5,-  -,-  -,,15246089,02-06-2016,
67,B.SCOTCH ZING 10/- 1*72,PCS,59,0,0,0,0,0,10,8.35,9,ITC LIMITED.,,01-02-2014,10,-  -,-  -,ITC LIMITED.                  PATNA,98757870,28-08-2015,
66,B.SCOTCH ZING 20/- 1*48,PCS,6,0,0,0,0,0,20,17.16,18,ITC LIMITED.,,10-09-2014,20,-  -,-  -,ITC LIMITED.                  PATNA,97379297,11-09-2014,
psvso0006,BABA DISPENSER.75/- 1*10,PCS,5,0,0,0,0,0,75,61.06,90,DHARAMPAL PREMCHAND LTD.,,07-02-2018,,-  -,-  -,DHARAMPAL PREMCHAND LTD.      PATNA.,TI17-01400,07-02-2018,
psvso0010,BABA SUPARI.MRP-1/- 1*54,PCS,13,0,0,0,0,0,54,40.89,45,DHARAMPAL PREMCHAND LTD.,,07-02-2018,,-  -,-  -,DHARAMPAL PREMCHAND LTD.      PATNA.,TI17-01402,07-02-2018,
242,BINGO RACK 1*1,PCS,12,0,0,0,0,0,1,1,12,ITC LIMITED.,,01-04-2014,1,-  -,-  -,ITC LIMITED.                  PATNA,POP110,02-04-2014,
135,BISLERI 1 LTR 1*12,PCS,219,0,0,0,0,0,16,9.75,11.25,P,,29-01-2013,16,-  -,-  -,,1234,29-01-2013,
FB301229,BOUNCE-CHOCO CREAM 10 1*72,PCS,99,0,0,0,0,8.62,10,8.62,9,ITC LIMITED.,,09-10-2018,,-  -,-  -,ITC LIMITED.                  PATNA,C10A21-25540,09-10-2018,
176,BOUNCE-ELAICHI CREAM 10 1*72,PCS,12,0,0,0,0,8.62,10,8.62,9,ITC LIMITED.,,14-07-2017,10,-  -,-  -,ITC LIMITED.                  PATNA,C10A21-11665,26-06-2018,
25,BOUNCE-ORANGE CREAM 10 1*72,PCS,336,0,0,0,0,8.62,10,8.62,9,ITC LIMITED.,,02-06-2015,10,-  -,-  -,ITC LIMITED.                  PATNA,C10A21918496,03-06-2018,
321,BOUNS-CHOCO.MRP-5/- 1*144,PCS,4380,0,0,0,0,4.31,5,4.31,4.5,ITC LIMITED.,,09-09-2018,,-  -,-  -,ITC LIMITED.                  PATNA,C10A21-21430,09-09-2018,
321,BOUNS-CHOCO.MRP-5/- 1*144,PCS,37645,0,0,0,0,4.31,5,4.31,4.5,ITC LIMITED.,,25-10-2018,5,-  -,-  -,ITC LIMITED.                  PATNA,C10A21-27225,25-10-2018,
336,BOUNS-ELAICHI.MRP-5/- 1*144,PCS,11988,0,0,0,0,4.31,5,4.31,4.5,ITC LIMITED.,,25-10-2018,,-  -,-  -,ITC LIMITED.                  PATNA,C10A21-27225,25-10-2018,
152,BOUNS-ORANGE.MRP-5/- 1*144,PCS,11208,0,0,0,0,4.31,5,4.31,4.5,ITC LIMITED.,,25-10-2018,,-  -,-  -,ITC LIMITED.                  PATNA,C10A21-27225,25-10-2018,
368,BOURBON 10/- 1*96,PCS,113,0,0,0,0,8.5,10,8.63,9,ITC LIMITED.,,30-07-2016,,-  -,-  -,ITC LIMITED.                  PATNA,15473328,30-07-2016,
285,BOURBON 20/- 1*48,PCS,60,0,0,0,0,17,120,17.14,18,ITC LIMITED.,,04-02-2016,120,-  -,-  -,ITC LIMITED.                  PATNA,15502440,03-08-2016,
FB206401,BOURBON BISCUITS (3+1) 78/- 1*8,PCS,13,0,0,0,0,64.78,78,64.78,0,ITC LIMITED.,,10-01-2018,,-  -,-  -,ITC LIMITED.                  PATNA,C10A21811688,10-01-2018,
FB206106,BOURBON BISCUITS 10/- 1*120,PCS,24,0,0,0,0,8.62,10,8.62,0,ITC LIMITED.,,10-01-2018,,-  -,-  -,ITC LIMITED.                  PATNA,C10A21811688,10-01-2018,
624,BOURBON-200/- JAR BLISS 1*12,PCS,1,0,0,0,0,172.49,200,172.49,180,,,26-07-2017,,-  -,-  -,ITC LIMITED.                  PATNA,C10A21-12063,28-06-2018,
99,BOURBON.MRP-26. 1*48,PCS,2,0,0,0,0,22,26,22.43,23,ITC LIMITED.,,30-07-2016,,-  -,-  -,ITC LIMITED.                  PATNA,15473328,30-07-2016,
208,"BOX-SUP,SILK. 1*1",PCS,246,0,0,0,0,0,0,0,0,M-CASH,,10-02-2014,0,-  -,-  -,,,-  -,
346,BRIDGES-10/-MIX 1*108,PCS,216,0,0,0,0,8.58,10,8.58,9,ITC LIMITED.,,25-07-2018,,-  -,-  -,ITC LIMITED.                  PATNA,C10A21-20460,31-08-2018,
40,BRIDGES-MADANGLE-5/-MIX 1*180,PCS,30,0,0,0,0,4.29,5,4.29,4.5,ITC LIMITED.,,04-10-2018,FA9851F,-  -,-  -,ITC LIMITED.                  PATNA,C10A21-25003,04-10-2018,
40,BRIDGES-MADANGLE-5/-MIX 1*180,PCS,448,0,0,0,0,4.29,5,4.29,4.5,ITC LIMITED.,,25-10-2018,5,-  -,-  -,ITC LIMITED.                  PATNA,C10A21-27225,25-10-2018,
172,bucket 1*1,PCS,27,0,0,0,0,0,0,0,0,M-CASH,,17-05-2016,0,-  -,-  -,JYOTHY LABORATORIES LIMITED.  PATNA.,1691,30-06-2016,
301,BUTTER CHOCO.20 1*30,PCS,39,0,0,0,0,17,20,17.16,18,ITC LIMITED.,,24-07-2013,20,-  -,-  -,ITC LIMITED.                  PATNA,96846780,23-04-2014,
344,BUTTER HIFI 5/- 1*144,PCS,7992,0,0,0,0,4.24,5,4.24,4.5,ITC LIMITED.,,15-09-2016,5,-  -,-  -,ITC LIMITED.                  PATNA,C10A21-12676,03-07-2018,
142,BUTTER RED-20. 1*30,PCS,18,0,0,0,0,17,20,17.01,18,ITC LIMITED.,,17-07-2014,20,-  -,-  -,ITC LIMITED.                  PATNA,98700155,14-08-2015,
63,CAPSTAN spl.mrp-47/- 1*10,PCS,2250,0,0,0,0,3.95,57,1.59,4.17,ITC LIMITED.,,25-10-2018,6,-  -,-  -,ITC LIMITED.                  PATNA,C10A21-27223,25-10-2018,
98,CAPSTAN.10.MRP-57. 1*10,PCS,30,0,0,0,0,3.86,6,3.86,5.06,ITC LIMITED.,,15-04-2017,,-  -,-  -,,,-  -,
352,CARRY BAG 1*1,PCS,237,0,0,0,0,0,0,0,40,M-CASH,,27-08-2015,0,-  -,-  -,ASHUTOSH ENTERPRISES.         AURANGABAD,396,30-04-2016,
343,CASHEW HIFI 5/- 1*144,PCS,3500,0,0,0,0,4.24,5,4.24,4.5,ITC LIMITED.,,10-11-2017,5,-  -,-  -,ITC LIMITED.                  PATNA,C10A21917798,30-05-2018,
202,CASHEW.MRP-10. 1*120,PCS,11,0,0,0,0,8.5,10,8.51,9,ITC LIMITED.,,14-10-2016,,-  -,-  -,,,-  -,
175,CELLO JUG-7.5-LITERS. 1*1,PCS,18,0,0,0,0,0,0,0,0,M-CASH,,12-12-2013,0,-  -,-  -,,123,28-01-2014,
382,CELLO LUNCH CONTAINER 1*1,PCS,1,0,0,0,0,0,0,0,0,M-CASH,,24-12-2015,0,-  -,-  -,ASHUTOSH ENTERPRISES.         AURANGABAD,5,22-12-2015,
CHCR0015,CHARMICS CREEM 100G 120/- 1*48,PCS,48,0,0,0,0,99.93,120,99.93,99,ITC LIMITED.,,25-10-2018,,-  -,-  -,ITC LIMITED.                  PATNA,C10A21-27225,25-10-2018,
CHCR0016,CHARMICS CREEM 30ml40/- 1*36,PCS,72,0,0,0,0,33.31,40,33.31,33,ITC LIMITED.,,25-10-2018,,-  -,-  -,ITC LIMITED.                  PATNA,C10A21-27225,25-10-2018,
212,"CHIPS,MRP-5/- 1*120",PCS,2100,0,0,0,0,4.29,5,4.29,4.5,ITC LIMITED.,,25-10-2018,0,-  -,-  -,ITC LIMITED.                  PATNA,C10A21-27225,25-10-2018,
76,CHIPS-10/-MIX 1*90,PCS,343,0,0,0,0,8.58,10,8.58,9,ITC LIMITED.,,11-09-2018,,-  -,-  -,ITC LIMITED.                  PATNA,C10A21-21728,11-09-2018,
59,CHIPS-20/-MIX 1*48,PCS,24,0,0,0,0,18,20,17.22,18,ITC LIMITED.,,18-01-2017,20,-  -,-  -,ITC LIMITED.                  PATNA,97601779,09-11-2014,
59,CHIPS-20/-MIX 1*48,PCS,48,0,0,0,0,18,20,771.99,18,ITC LIMITED.,,18-07-2017,FB9255,-  -,-  -,ITC LIMITED.                  PATNA,17037763,18-07-2017,
FC4426L,CHOCO ECLAIRS.JAR-200. 1*15,PCS,58,0,0,0,0,168,200,168,180,ITC LIMITED.,,25-10-2018,FC4426M,-  -,-  -,ITC LIMITED.                  PATNA,C10A21-27225,25-10-2018,
291,CHOCO ECLIYERS 20/- 1*80,PCS,80,0,0,0,0,17,20,16.88,18,ITC LIMITED.,,04-03-2014,20,-  -,-  -,ITC LIMITED.                  PATNA,96682575,05-03-2014,
15,CHOCO ECLIYERS.JUMBU.965/- 1*4,PCS,8,0,0,0,0,700,775,562.5,870,ITC LIMITED.,,04-10-2016,775,-  -,-  -,ITC LIMITED.                  PATNA,16088040,19-12-2016,
629,CHOCO ECLIYERS.POUCH.110/- 1*32,PCS,201,0,0,0,0,102.56,110,102.56,100,ITC LIMITED.,,29-09-2018,,-  -,-  -,ITC LIMITED.                  PATNA,C10A21-24672,29-09-2018,
141,CHOCO VANILLA 20/- 1*48,PCS,48,0,0,0,0,18,20,17.34,18,ITC LIMITED.,,10-07-2013,20,-  -,-  -,ITC LIMITED.                  PATNA,96737035,24-03-2014,
463,CHOCO VANILLA-10. 1*72,PCS,120,0,0,0,0,8,10,8.67,11,ITC LIMITED.,,24-12-2013,10,-  -,-  -,ITC LIMITED.                  PATNA,96772514,27-03-2014,
1206,CL DOUBLE BURST 10 (1504) 1*10,PCS,1000,0,0,0,0,11.38,300,5.58,12.6,ITC LIMITED.,,12-07-2018,,-  -,-  -,ITC LIMITED.                  PATNA,C10A21-14777,19-07-2018,
12060,CL.DOUBLE BRUST-20 (1206) 1*20,PCS,1160,0,0,0,0,11.39,15,5.58,12.6,ITC LIMITED.,,27-09-2018,,-  -,-  -,ITC LIMITED.                  PATNA,C10A21-24266,27-09-2018,
31,CL.MENTHOL 20.(46)(REFRESING) 1*20,PCS,2680,0,0,0,0,12.4,15,5.58,13.75,ITC LIMITED.,,23-09-2018,12,-  -,-  -,ITC LIMITED.                  PATNA,C10A21-23685,23-09-2018,
1653,CL.MILD 20(1653)BALANCED 1*20,PCS,400,0,0,0,0,12.4,15,5.58,13.75,ITC LIMITED.,,25-10-2018,,-  -,-  -,ITC LIMITED.                  PATNA,C10A21-27224,25-10-2018,
22,CL.REGULAR-10(RICH TESTE)15 1*10,PCS,2100,0,0,0,0,12.4,15,5.58,13.75,ITC LIMITED.,,25-10-2018,10.9,-  -,-  -,ITC LIMITED.                  PATNA,C10A21-27223,25-10-2018,
PVVSO0714,CL.REGULAR-20(BLUE)LOW SMELL 1*20,PCS,20,0,0,0,0,12.41,300,5.58,13.75,ITC LIMITED.,,20-08-2018,,-  -,-  -,ITC LIMITED.                  PATNA,C10A21-19150,20-08-2018,
17,CL.REGULAR-20-(1593). 1*20,PCS,11600,0,0,0,0,58.32,15,5.58,13.75,ITC LIMITED.,,25-10-2018,12.3,-  -,-  -,ITC LIMITED.                  PATNA,C10A21-27223,25-10-2018,
FC4660,CLEAR CANDY GR+RI MRP 110/- 1*26,PCS,101,0,0,0,0,101.57,110,101.57,0,ITC LIMITED.,,18-09-2018,,-  -,-  -,ITC LIMITED.                  PATNA,C10A21-22830,18-09-2018,
FC4660,CLEAR CANDY GR+RI MRP 110/- 1*26,PCS,78,0,0,0,0,101.57,110,101.57,0,ITC LIMITED.,,25-09-2018,110,-  -,-  -,ITC LIMITED.                  PATNA,C10A21-24050,25-09-2018,
90,COFITINO JUMBO 625/- 1*4,PCS,14,0,0,0,0,545.7,625,545.7,560,ITC LIMITED.,,29-09-2018,,-  -,-  -,ITC LIMITED.                  PATNA,C10A21-24672,29-09-2018,
380,COFITINO POUCH MRP-50 1*50,PCS,7,0,0,0,0,47.32,50,47.32,45,ITC LIMITED.,,10-03-2013,50,-  -,-  -,ITC LIMITED.                  PATNA,94159422,31-03-2013,
310,COFITINO.MRP-150/- 1*15,PCS,26,0,0,0,0,125.93,150,125.93,133,ITC LIMITED.,,23-10-2018,,-  -,-  -,ITC LIMITED.                  PATNA,C10A21-26947,23-10-2018,
635,COLA JOSH TOFI-165/- 1*15,PCS,257,0,0,0,0,134.86,165,134.86,165,ITC LIMITED.,,12-09-2017,,-  -,-  -,ITC LIMITED.                  PATNA,C10A21-19484,22-08-2018,
405,COMPRESER 413-SH TRF 1*1,PCS,3,0,0,0,0,0,0,0,0,LUMBINI BEVERAGES PVT.LTD,,18-02-2016,0,-  -,-  -,LUMBINI BEVERAGES PVT.LTD     PATNA,D 1806266,17-02-2016,
406,COMPRESER 414-SH TRF 1*1,PCS,9,0,0,0,0,0,0,0,0,LUMBINI BEVERAGES PVT.LTD,,18-02-2016,0,-  -,-  -,LUMBINI BEVERAGES PVT.LTD     PATNA,D 1806266,17-02-2016,
378,COOKERY SET 1*1,PCS,1,0,0,0,0,0,3500,3000,3500,M-CASH,,17-12-2015,3500,-  -,-  -,ASHUTOSH ENTERPRISES.         AURANGABAD,251,15-12-2015,
1704,CRUNCHY PEANUT 150/- 1*15,PCS,192,0,0,0,0,129.17,150,129.17,133,ITC LIMITED.,,25-10-2018,,-  -,-  -,ITC LIMITED.                  PATNA,C10A21-27225,25-10-2018,
202,"D,FRIZER 320-LIT. 1*1",PCS,1,0,0,0,0,0,19000,1750,19000,LUMBINI BEVERAGES PVT.LTD,,31-03-2017,19000,-  -,-  -,,,-  -,
472,DAMAGE-ATTA-10 KG. 1*3,PCS,96,0,0,0,0,0,250,245,0,ITC LIMITED.,,30-03-2017,250,-  -,-  -,,,-  -,
471,DAMAGE-ATTA-5 KG. 1*6,PCS,80,0,0,0,0,0,125,125,0,ITC LIMITED.,,30-03-2017,125,-  -,-  -,,,-  -,
FB152614,DARK FAN.YUMFILLS CAKE 60/- 1*20,PCS,17,0,0,0,0,49.5,60,49.5,52,ITC LIMITED.,,09-10-2018,,-  -,-  -,ITC LIMITED.                  PATNA,C10A21-25540,09-10-2018,
630,DARK FAN.YUMFILLS.MRP-180/- 1*8,PCS,9,0,0,0,0,148.5,180,148.5,0,,,21-11-2017,,-  -,-  -,ITC LIMITED.                  PATNA,C10A00010686,19-06-2018,
564,DARK FANTACY CHOKO-30/- 1*64,PCS,487,0,0,0,0,24.75,30,24.75,26,ITC LIMITED.,,25-10-2018,30,-  -,-  -,ITC LIMITED.                  PATNA,C10A21-27225,25-10-2018,
FB101005,DARK FANTASY 10/- 1*200,PCS,776,0,0,0,0,8.25,10,8.25,9,ITC LIMITED.,,06-08-2018,10,-  -,-  -,ITC LIMITED.                  PATNA,C10A21-19621,23-08-2018,
FB101005,DARK FANTASY 10/- 1*200,PCS,6668,0,0,0,0,8.25,10,8.25,8.76,ITC LIMITED.,,23-10-2018,,-  -,-  -,ITC LIMITED.                  PATNA,C10A21-26951,23-10-2018,
psvso0009,DE0DENT.MRP-180. 1*48,PCS,48,0,0,0,0,77.05,180,77.05,145,DHARAMPAL PREMCHAND LTD.,,07-02-2018,,-  -,-  -,DHARAMPAL PREMCHAND LTD.      PATNA.,TI17-01401,07-02-2018,
156,DELISHUS(BLUE)30/- 1*40,PCS,88,0,0,0,0,25.4,30,25.4,0,ITC LIMITED.,,26-07-2017,30,-  -,-  -,ITC LIMITED.                  PATNA,17064097,26-07-2017,
293,DHOSA TAWA-825/- 1*1,PCS,5,0,0,0,0,0,825,0,0,M-CASH,,29-12-2014,825,-  -,-  -,,,-  -,
239,DILLAR BOARD. 11*1,PCS,12,0,0,0,0,0,0,0,0,M-CASH,,07-04-2014,0,-  -,-  -,LUMBINI BEVERAGES PVT.LTD     PATNA,D0534,08-04-2014,
292,DINNER SET-350/- 1*1,PCS,80,0,0,0,0,0,350,350,350,M-CASH,,29-12-2014,350,-  -,-  -,JYOTHY LABORATORIES LIMITED.  PATNA.,254,15-12-2015,
536,DREAM CREAM 10/- 1*72,PCS,192,0,0,0,0,8.47,10,8.47,9,ITC LIMITED.,,11-08-2016,,-  -,-  -,ITC LIMITED.                  PATNA,16760468,18-05-2017,
540,EASY RECHARGE. 1*1,PCS,7207,0,0,0,0,0,100,1,100,IDEA CELULAR LTD.,,07-10-2016,100,-  -,-  -,IDEA CELLULAR LTD-EASY.       PATNA,25,01-09-2016,
540,EASY RECHARGE. 1*1,PCS,86384,0,0,0,0,0,100,100,100,IDEA CELULAR LTD.,,29-12-2016,,-  -,-  -,IDEA CELLULAR LTD-EASY.       PATNA,25,01-09-2016,
FC44230,ECLAIRS JUMBO 670/- 1*4,PCS,35,0,0,0,0,562.51,670,562.51,600,ITC LIMITED.,,13-10-2018,FC4423O,-  -,-  -,ITC LIMITED.                  PATNA,C10A21-26233,13-10-2018,
FC4422N,ECLAIRS MRP-150 1*15,PCS,631,0,0,0,0,125.93,150,125.93,133,ITC LIMITED.,,25-10-2018,FC4422N,-  -,-  -,ITC LIMITED.                  PATNA,C10A21-27225,25-10-2018,
PENPK0042,ENG ON MEN WOMEN PACK 70/- 1*24,PCS,687,0,0,0,0,61.1,70,61.1,63,ITC LIMITED.,,04-10-2018,,-  -,-  -,ITC LIMITED.                  PATNA,C10A21-25031,04-10-2018,
PENPK0050,ENG ON WOMAN ASSORTED 60/-18ml 1*30,PCS,270,0,0,0,0,48.88,60,48.88,47,,,13-10-2018,,-  -,-  -,ITC LIMITED.                  PATNA,C10A21-26233,13-10-2018,
251,ENGAGE DEO MAN 180/- 1*24,PCS,163,0,0,0,0,151.72,180,151.72,150,ITC LIMITED.,,24-03-2015,180,-  -,-  -,ITC LIMITED.                  PATNA,99233431,22-12-2015,
412,ENGAGE DEO MEN.MRP-190/- 1*12,PCS,54,0,0,0,0,154.78,190,154.78,170,ITC LIMITED.,,12-03-2016,190,-  -,-  -,ITC LIMITED.                  PATNA,C10A21-13714,10-07-2018,
412,ENGAGE DEO MEN.MRP-190/- 1*12,PCS,67,0,0,0,0,154.78,190,154.78,170,ITC LIMITED.,,15-10-2018,199,-  -,-  -,ITC LIMITED.                  PATNA,C10A21-26496,15-10-2018,
252,ENGAGE DEO WOMAN 190/- 1*12,PCS,123,0,0,0,0,167,190,167,140,ITC LIMITED.,,02-05-2015,180,-  -,-  -,ITC LIMITED.                  PATNA,C10A21-12061,28-06-2018,
413,ENGAGE DEO WOMAN-160/- 1*24,PCS,6,0,0,0,0,140,160,120,140,ITC LIMITED.,,12-03-2016,160,-  -,-  -,,,-  -,
542,ENGAGE DEO-195(PENDO0097) 1*24,PCS,34,0,0,0,0,163,195,160.38,171,ITC LIMITED.,,02-09-2016,195,-  -,-  -,ITC LIMITED.                  PATNA,15635323,03-09-2016,
519,ENGAGE DEO-MEN.170/- 1*24,PCS,68,0,0,0,0,150,170,0,150,ITC LIMITED.,,20-05-2016,170,-  -,-  -,,,-  -,
515,ENGAGE DEO-WOMEN.170/- 1*24,PCS,72,0,0,0,0,145,170,0,150,ITC LIMITED.,,20-05-2016,170,-  -,-  -,,,-  -,
514,ENGAGE DEO-WOMEN.180/- 1*24,PCS,67,0,0,0,0,145,180,0,155,ITC LIMITED.,,20-05-2016,180,-  -,-  -,,,-  -,
322,ENGAGE SPARY(W)275/- 1*24,PCS,62,0,0,0,0,170.58,275,170.58,240,ITC LIMITED.,,30-06-2017,,-  -,-  -,ITC LIMITED.                  PATNA,17336457,22-09-2017,
220,ENGAGE SPRAY(M)210/- 1*12,PCS,7,0,0,0,0,171.07,210,171.07,240,ITC LIMITED.,,16-08-2018,275,-  -,-  -,ITC LIMITED.                  PATNA,C10A21819973,20-03-2018,
601,ENGAGE-FEMALE.MRP-205/- 1*12,PCS,2,0,0,0,0,172.27,210,172.27,185,ITC LIMITED.,,05-05-2017,,-  -,-  -,ITC LIMITED.                  PATNA,16932284,21-06-2017,
603,ENGAGE-MEN-POKET=60/- 1*24,PCS,2018,0,0,0,0,44.86,60,44.86,46.5,ITC LIMITED.,,12-10-2018,,-  -,-  -,ITC LIMITED.                  PATNA,48C10A2191-2,12-10-2018,
604,ENGAGE-WOMAN-POKET-60/- 1*24,PCS,291,0,0,0,0,44.85,60,44.85,46.5,ITC LIMITED.,,05-09-2018,,-  -,-  -,ITC LIMITED.                  PATNA,19081367,05-09-2018,
5121,ENGAGE-WOMAN.MRP-70/- 1*24,PCS,96,0,0,0,0,61.1,70,61.1,65,ITC LIMITED.,,17-09-2018,,-  -,-  -,ITC LIMITED.                  PATNA,C10A21-22570,17-09-2018,
522,ERSHAD MRP 15/- 1*252,PCS,1500,0,0,0,0,9,15,8.09,10,ITC LIMITED.,,11-06-2016,15,-  -,-  -,ITC LIMITED.                  PATNA,15293703,14-06-2016,
523,ERSHAD MRP 8/- 1*432,PCS,3864,0,0,0,0,4.05,8,4.05,5,ITC LIMITED.,,11-06-2016,8,-  -,-  -,ITC LIMITED.                  PATNA,15293703,14-06-2016,
110,EXO STEEL 15/- 1*312,PCS,64,0,0,0,0,0,15,6.93,8,JYOTHY LOBORATORIES LIMITED,,31-08-2017,15,-  -,-  -,ASHUTOSH ENTERPRISES.         AURANGABAD,P000257,28-09-2017,
psvso0027,FARMLITE ACT PROTEIN-50/- 1*40,PCS,321,0,0,0,0,42.35,50,42.35,45,ITC LIMITED.,,26-04-2018,,-  -,-  -,ITC LIMITED.                  PATNA,C10A21912725,25-04-2018,
FB258210,FARMLITE ACY PROTEIN 25/- 1*48,PCS,48,0,0,0,0,21.18,25,21.18,23,ITC LIMITED.,,06-03-2018,,-  -,-  -,ITC LIMITED.                  PATNA,C10A21817922,06-03-2018,
psvso0033,FARMLITE PROTEIN 5/- 1*144,PCS,5763,0,0,0,0,4.24,5,4.24,4.5,ITC LIMITED.,,17-09-2018,,-  -,-  -,ITC LIMITED.                  PATNA,C10A21-22570,17-09-2018,
266,FARMLITE.MRP-10/- 1*72,PCS,1034,0,0,0,0,8.47,10,8.47,9,ITC LIMITED.,,25-10-2018,25,-  -,-  -,ITC LIMITED.                  PATNA,C10A21-27225,25-10-2018,
106,FIAMA AQUA PLUS.RS-80/- 1*16,PCS,6,0,0,0,0,70,80,70.33,70,ITC LIMITED.,,08-06-2013,80,-  -,-  -,ITC LIMITED.                  PATNA,95676421,10-06-2013,
133,FIAMA GELBAR.(125*3)180/- 1*12,PCS,16,0,0,0,0,156.15,180,156.15,114,ITC LIMITED.,,27-11-2017,125,-  -,-  -,ITC LIMITED.                  PATNA,C10A21-13336,07-07-2018,
641,FIAMA GELBAR.234/-75GM*6. 1*36,PCS,34,0,0,0,0,225,234,215,216,ITC LIMITED.,,09-10-2017,,-  -,-  -,ITC LIMITED.                  PATNA,17400224,09-10-2017,
308,FIAMA GELBAR.62/-125GM. 1*36,PCS,22,0,0,0,0,67.66,60,67.66,55,ITC LIMITED.,,27-09-2017,60,-  -,-  -,ITC LIMITED.                  PATNA,P000235,26-09-2017,
psvso0029,FIAMA GGB 125g*5 248/- 1*9,PCS,9,0,0,0,0,215.13,248,215.13,235,ITC LIMITED.,,28-04-2018,,-  -,-  -,ITC LIMITED.                  PATNA,C10A21913270,28-04-2018,
309,FIAMA MEN GBB 62/- 1*36,PCS,4,0,0,0,0,53.78,58,53.78,55,ITC LIMITED.,,27-09-2017,58,-  -,-  -,ITC LIMITED.                  PATNA,P000235,26-09-2017,
485,FIAMA SHOWER GEL 185/- 1*12,PCS,35,0,0,0,0,160,185,167.67,168,ITC LIMITED.,,24-03-2015,185,-  -,-  -,ITC LIMITED.                  PATNA,15726222,23-09-2016,
psvso0041,FIAMA SOAP-40/- 1*36,PCS,36,0,0,0,0,0,40,34,36,ITC LIMITED.,,19-06-2018,,-  -,-  -,,,-  -,
345,FIAMA-180/-125GM*3 1*12,PCS,22,0,0,0,0,156.14,180,156.14,175,ITC LIMITED.,,11-01-2018,,-  -,-  -,ITC LIMITED.                  PATNA,C10A21916695,23-05-2018,
605,FIYAMA GELBAR MOISTR-40/- 1*36,PCS,104,0,0,0,0,34.7,40,34.7,80,ITC LIMITED.,,20-03-2018,,-  -,-  -,ITC LIMITED.                  PATNA,C10A21819973,20-03-2018,
351,FIYAMA.GEL250ML+100FREE-199/- 1*6,PCS,79,0,0,0,0,169,185,169,170,ITC LIMITED.,,17-05-2017,185,-  -,-  -,ITC LIMITED.                  PATNA,P000235,26-09-2017,
95,FLAKE-10.(532) 1*10,PCS,115500,0,0,0,0,4.12,6,1.73,4.47,ITC LIMITED.,,25-10-2018,5,-  -,-  -,ITC LIMITED.                  PATNA,C10A21-27223,25-10-2018,
psvso0013,FRU JAR JELLY.200/- 1*24,PCS,32,0,0,0,0,151.23,200,151.23,165,DHARAMPAL PREMCHAND LTD.,,15-03-2018,,-  -,-  -,DHARAMPAL PREMCHAND LTD.      PATNA.,14-11-TI18-6,26-06-2018,
psvso0014,FRU KIK MASALA.MRP-130/- 1*16,PCS,10,0,0,0,0,96.43,130,96.43,105,DHARAMPAL PREMCHAND LTD.,,15-03-2018,,-  -,-  -,DHARAMPAL PREMCHAND LTD.      PATNA.,14-11-TI18-6,26-06-2018,
psvso0011,FRU PICOLO JAR.MRP-125/- 1*16,PCS,5,0,0,0,0,91.86,125,91.86,100,DHARAMPAL PREMCHAND LTD.,,15-03-2018,,-  -,-  -,DHARAMPAL PREMCHAND LTD.      PATNA.,TI17-01781,15-03-2018,
psvso0021,FRU POUCH SMALL.MRP-5/- 1*520,PCS,46,0,0,0,0,3.98,5,3.98,4.25,DHARAMPAL PREMCHAND LTD.,,15-03-2018,,-  -,-  -,DHARAMPAL PREMCHAND LTD.      PATNA.,TI17-01781,15-03-2018,
psvso0005,FRU POUCH.MRP-30/- 1*100,PCS,3,0,0,0,0,22.69,30,22.69,25,DHARAMPAL PREMCHAND LTD.,,15-03-2018,,-  -,-  -,DHARAMPAL PREMCHAND LTD.      PATNA.,TI17-01781,15-03-2018,
112,FRUIT FUN POUCH 1*36,PCS,1,0,0,0,0,46.7,0,42.25,46.47,ITC LIMITED.,,02-07-2016,0,-  -,-  -,,,-  -,
37,"FRUIT.FUN,125. 1*15",PCS,15,0,0,0,0,104.94,125,104.94,111,ITC LIMITED.,,25-10-2018,FC1253F,-  -,-  -,ITC LIMITED.                  PATNA,C10A21-27225,25-10-2018,
563,FW SG 100X3 90/- 1*12,PCS,60,0,0,0,0,80,90,77.39,77,ITC LIMITED.,,11-11-2016,,-  -,-  -,ITC LIMITED.                  PATNA,16111409,23-12-2016,
121,GLUCOSE.MRP-3. 1*144,PCS,2448,0,0,0,0,2.5,3,2.51,2.75,ITC LIMITED.,,11-05-2014,3,-  -,-  -,ITC LIMITED.                  PATNA,98931271,09-10-2015,
638,GOLD FL.S.MINT(1358)/- 1*10,PCS,41440,0,0,0,0,1.28,49,1.59,4.27,ITC LIMITED.,,26-09-2018,1,-  -,-  -,ITC LIMITED.                  PATNA,C10A21-24112,26-09-2018,
479,GOLD FL.STAR-49.(104) 1*10,PCS,180000,0,0,0,0,1.52,5,1.59,4.27,ITC LIMITED.,,09-04-2018,,-  -,-  -,ITC LIMITED.                  PATNA,C10A21-770,09-04-2018,
479,GOLD FL.STAR-49.(104) 1*10,PCS,104440,0,0,0,0,41.2,5,1.59,4.27,ITC LIMITED.,,25-10-2018,3.8,-  -,-  -,ITC LIMITED.                  PATNA,C10A21-27223,25-10-2018,
3000091,GOLD FLAKE-95.(GPR-761) 1*10,PCS,174000,0,0,0,0,45.08,10,45.08,8.58,ITC LIMITED.,,01-04-2018,10,-  -,-  -,,,-  -,
3000091,GOLD FLAKE-95.(GPR-761) 1*10,PCS,17550,0,0,0,0,45.08,10,4.26,8.58,ITC LIMITED.,,25-10-2018,7.8,-  -,-  -,ITC LIMITED.                  PATNA,C10A21-27223,25-10-2018,
565,GOLD FLAKE.MINT.-95(1006) 1*10,PCS,12650,0,0,0,0,45.09,10,4.27,8.58,ITC LIMITED.,,25-09-2018,,-  -,-  -,ITC LIMITED.                  PATNA,C10A21-23929,25-09-2018,
286,GOLD KING LIGHT 20 (1597) 1*20,PCS,1100,0,0,0,0,12.4,15,5.58,13.75,ITC LIMITED.,,25-10-2018,,-  -,-  -,ITC LIMITED.                  PATNA,C10A21-27223,25-10-2018,
1647,GOLD KING-10.1647(MD RED) 1*10,PCS,90,0,0,0,0,58.32,15,5.58,13.75,ITC LIMITED.,,25-10-2018,12,-  -,-  -,ITC LIMITED.                  PATNA,C10A21-27223,25-10-2018,
39,GOLD KING-20.-1646(MD RED) 1*20,PCS,5600,0,0,0,0,12.4,15,5.58,13.75,ITC LIMITED.,,25-10-2018,12,-  -,-  -,ITC LIMITED.                  PATNA,C10A21-27223,25-10-2018,
333,GUMON AQUA MINT 150/- 1*16,PCS,2,0,0,0,0,126.09,150,126.09,130,ITC LIMITED.,,13-07-2018,150,-  -,-  -,ITC LIMITED.                  PATNA,17068434,26-07-2017,
634,GUMON ASSORTED MRP 175 1*16,PCS,16,0,0,0,0,147.02,175,147.02,150,ITC LIMITED.,,20-09-2018,,-  -,-  -,ITC LIMITED.                  PATNA,C10A21-23174,20-09-2018,
368,GUMON CENTERFILL 150/- 1*16,PCS,13,0,0,0,0,126.09,150,126.09,130,ITC LIMITED.,,09-03-2018,100,-  -,-  -,ITC LIMITED.                  PATNA,P000199,15-09-2017,
373,GYESER 1*1,PCS,3,0,0,0,0,0,0,6.15,0,ITC LIMITED.,,22-01-2014,0,-  -,-  -,,123,28-01-2014,
200,HALDI 100GM NEW 1*160,PCS,50,0,0,0,0,0,18,9.03,0,ITC LIMITED.,,18-07-2013,18,-  -,-  -,ITC LIMITED.                  PATNA,93424809,16-07-2011,
324,HALDI 100GM(OLD) 1*160,PCS,390,0,0,0,0,0,32,11.16,0,ITC LIMITED.,,29-02-2012,32,-  -,-  -,ITC LIMITED.                  PATNA,95217178,31-01-2013,
psvso0028,HAND WASH.MRP-20/- 1*24,PCS,1700,0,0,0,0,17.03,20,17.03,18,ITC LIMITED.,,13-10-2018,,-  -,-  -,ITC LIMITED.                  PATNA,C10A21-26233,13-10-2018,
PSVHS0001,HANDWASH 55ml 77/- 1*48,PCS,48,0,0,0,0,65.58,77,65.58,70,ITC LIMITED.,,18-08-2018,,-  -,-  -,ITC LIMITED.                  PATNA,C10A21-18962,18-08-2018,
PSVHW0139,HANDWASH HERB S 775ML 99/- 1*20,PCS,309,0,0,0,0,84.32,99,84.32,90,ITC LIMITED.,,15-10-2018,,-  -,-  -,ITC LIMITED.                  PATNA,C10A21-26496,15-10-2018,
421,HANDWASH POUCH-42/- 1*36,PCS,57,0,0,0,0,39,42,33.96,37.91,ITC LIMITED.,,29-04-2017,42,-  -,-  -,ITC LIMITED.                  PATNA,16716485,08-05-2017,
421,HANDWASH POUCH-42/- 1*36,PCS,1,0,0,0,0,39.55,46,39.55,37.91,ITC LIMITED.,,15-02-2018,46,-  -,-  -,AIRTEL MIFI                   PATNA.,122,15-02-2018,
547,HANDWASH SANITIZER.MRP-49/- 1*36,PCS,30,0,0,0,0,42.13,49,42.13,72,ITC LIMITED.,,21-06-2017,,-  -,-  -,ITC LIMITED.                  PATNA,16932286,21-06-2017,
547,HANDWASH SANITIZER.MRP-49/- 1*36,PCS,57,0,0,0,0,41.73,49,41.73,42,ITC LIMITED.,,07-09-2018,49,-  -,-  -,ITC LIMITED.                  PATNA,C10A21-21168,07-09-2018,
632,HANDWASH(2+1)98/-(PSVHW0129) 1*12,PCS,168,0,0,0,0,83.47,98,83.47,80,ITC LIMITED.,,13-10-2018,,-  -,-  -,ITC LIMITED.                  PATNA,C10A21-26233,13-10-2018,
PSVHW0116,HANDWASH-175ML2+1-98/- 1*12,PCS,103,0,0,0,0,83.47,98,83.47,90,ITC LIMITED.,,04-10-2018,2,-  -,-  -,ITC LIMITED.                  PATNA,C10A21-25031,04-10-2018,
PSVHW0075,HANDWASH-80/-200ML+185ML 1*24,PCS,11,0,0,0,0,69.64,82,69.64,75,ITC LIMITED.,,01-06-2017,01    99.00,-  -,-  -,ITC LIMITED.                  PATNA,16984048,06-07-2017,
PSVHW0075,HANDWASH-80/-200ML+185ML 1*24,PCS,81,0,0,0,0,68.13,80,68.13,73,ITC LIMITED.,,28-04-2018,80,-  -,-  -,ITC LIMITED.                  PATNA,C10A21-16508,31-07-2018,
PVVSO0676,HANDWASH-98/-185ML*3 1*12,PCS,111,0,0,0,0,83.47,98,83.47,90,ITC LIMITED.,,31-07-2018,,-  -,-  -,ITC LIMITED.                  PATNA,C10A21-17515,08-08-2018,
PSVHW0096,HANDWASH.87/-200ml+185ml. 1*24,PCS,72,0,0,0,0,74.09,87,74.09,80,ITC LIMITED.,,21-10-2018,,-  -,-  -,ITC LIMITED.                  PATNA,C10A21-26574,21-10-2018,
572,HANDWASH.MRP-5/- 1*144,PCS,10703,0,0,0,0,4.25,5,3.92,4.6,ITC LIMITED.,,29-12-2016,,-  -,-  -,ITC LIMITED.                  PATNA,16760466,18-05-2017,
187,HENGER BINGO. 1*30,PCS,32,0,0,0,0,0,0,0,0,M-CASH,,09-02-2011,0,-  -,-  -,ITC LIMITED.                  PATNA,AD-0027,22-07-2010,
447,HENGER-YIPPEE. 1*1,PCS,82,0,0,0,0,0,0,0,0,M-CASH,,16-04-2012,0,-  -,-  -,,,-  -,
633,HENKO POWDER MRP10/- 1*60,PCS,660,0,0,0,0,8,10,7.67,0,ITC LIMITED.,,31-08-2017,,-  -,-  -,ASHUTOSH ENTERPRISES.         AURANGABAD,P000164,31-08-2017,
146,HOME LITE 5+1.10/- 1*30,PCS,26,0,0,0,0,9,10,8.6,9,ITC LIMITED.,,09-07-2015,10,-  -,-  -,ITC LIMITED.                  PATNA,98705169,14-08-2015,
9976,HOME LITE LARGE 10/- 1*100,PCS,100,0,0,0,0,7.29,10,7.29,8,ITC LIMITED.,,12-10-2018,2,-  -,-  -,ITC LIMITED.                  PATNA,C10A21-25965,12-10-2018,
9958,HOME LITE.MRP-1/-40 STICKS 1*600,PCS,289543,0,0,0,0,0.8,1,0.8,0.8,ITC LIMITED.,,25-10-2018,,-  -,-  -,ITC LIMITED.                  PATNA,C10A21-27225,25-10-2018,
298,HOMELITES.2/- 60STICKS 1*300,PCS,19800,0,0,0,0,1.38,0,1.38,1.37,ITC LIMITED.,,23-10-2018,2,-  -,-  -,ITC LIMITED.                  PATNA,C10A21-26949,23-10-2018,
544,I-KUPAN MRP-9/-(M.ITEM) 1*1,PCS,1690,0,0,0,0,0,9,8.6,9,IDEA CELULAR LTD.,,30-08-2016,9,-  -,-  -,IDEA CELLULAR LTD-EASY.       PATNA,35953,02-09-2016,
422,IDEA-SIM 1*1,PCS,300,0,0,0,0,0,5,10,5,IDEA CELULAR LTD.,,14-09-2016,5,-  -,-  -,IDEA CELLULAR LTD-EASY.       PATNA,12,30-09-2016,
376,INDUCTION DOSA 1*1,PCS,3,0,0,0,0,0,2000,1500,1600,M-CASH,,17-12-2015,2000,-  -,-  -,JYOTHY LABORATORIES LIMITED.  PATNA.,254,15-12-2015,
165,INDUCTION KADAHI 1*1,PCS,1,0,0,0,0,0,0,0,0,M-CASH,,19-11-2013,0,-  -,-  -,,,-  -,
165,INDUCTION KADAHI 1*1,PCS,3,0,0,0,0,0,2500,2500,2500,M-CASH,,17-12-2015,2500,-  -,-  -,JYOTHY LABORATORIES LIMITED.  PATNA.,254,15-12-2015,
206,IRON-MAHARAZA. 1*1,PCS,3,0,0,0,0,0,0,0,0,S,,01-02-2014,0,-  -,-  -,,260,05-02-2014,
509,IRSAD AGARBATI-15/- 1*252,PCS,252,0,0,0,0,8,15,10,11,ITC LIMITED.,,12-05-2016,15,-  -,-  -,,,-  -,
396,ISR BIG BAG. 1*1,PCS,6,0,0,0,0,0,0,0,0,M-CASH,,09-02-2016,0,-  -,-  -,DHARAMPAL PREMCHAND LTD.      PATNA.,154,09-02-2016,
409,JALJIRA.MRP-50/- 1*61,PCS,7,0,0,0,0,0,50,35.79,44,DHARAMPAL PREMCHAND LTD.,,10-05-2016,50,-  -,-  -,DHARAMPAL PREMCHAND LTD.      PATNA.,11/2015/2102,31-03-2015,
607,JELISIOUS.MRP-200 1*15,PCS,8,0,0,0,0,168.01,200,168.01,180,ITC LIMITED.,,31-08-2017,,-  -,-  -,ITC LIMITED.                  PATNA,C10A21815976,13-02-2018,
FA4082,JELLICIOUS JELIMALS 10/- 1*96,PCS,423,0,0,0,0,8.4,10,8.4,9,ITC LIMITED.,,09-09-2018,,-  -,-  -,ITC LIMITED.                  PATNA,C10A21-21430,09-09-2018,
FA4082,JELLICIOUS JELIMALS 10/- 1*96,PCS,288,0,0,0,0,8.4,10,8.4,9,ITC LIMITED.,,25-10-2018,10,-  -,-  -,ITC LIMITED.                  PATNA,C10A21-27225,25-10-2018,
354,JELLICIOUS ORNAGE 150/- 1*15,PCS,247,0,0,0,0,1890,150,1890,133,ITC LIMITED.,,21-11-2015,200,-  -,-  -,ITC LIMITED.                  PATNA,15896307,03-11-2016,
354,JELLICIOUS ORNAGE 150/- 1*15,PCS,103,0,0,0,0,140,150,1890,133,ITC LIMITED.,,06-07-2017,150,-  -,-  -,ITC LIMITED.                  PATNA,16984048,06-07-2017,
348,JHOLA-EXO. 1*1,PCS,266,0,0,0,0,0,0,0,0,M-CASH,,03-03-2016,0,-  -,-  -,ASHUTOSH ENTERPRISES.         AURANGABAD,138,19-04-2016,
584,JUICE APPLE MIX 200ML 1*30,PCS,2597,0,0,0,0,16.49,20,16.49,0,ITC LIMITED.,,23-09-2018,,-  -,-  -,ITC LIMITED.                  PATNA,C10A21-23709,23-09-2018,
585,JUICE GUAVA-200ML 1*30,PCS,316,0,0,0,0,16.48,20,16.48,18,ITC LIMITED.,,28-03-2017,,-  -,-  -,ITC LIMITED.                  PATNA,C10A21910889,10-04-2018,
585,JUICE GUAVA-200ML 1*30,PCS,30,0,0,0,0,16.48,20,16.48,18,ITC LIMITED.,,06-07-2017,2,-  -,-  -,ITC LIMITED.                  PATNA,16988662,06-07-2017,
342,JUICE LITCHI 20/- 1*30,PCS,78,0,0,0,0,16.48,20,16.48,17,ITC LIMITED.,,11-05-2018,20,-  -,-  -,ITC LIMITED.                  PATNA,C10A21915110,11-05-2018,
337,JUICE M.FRUITS 99/- 1*12,PCS,92,0,0,0,0,75.76,99,75.76,86,ITC LIMITED.,,13-10-2018,,-  -,-  -,ITC LIMITED.                  PATNA,C10A21-26233,13-10-2018,
341,JUICE MIX 99/- 1*12,PCS,162,0,0,0,0,75.76,99,75.76,86,ITC LIMITED.,,12-10-2018,,-  -,-  -,ITC LIMITED.                  PATNA,C10A21-25965,12-10-2018,
357,JUICE PINEAPPLE 99/- 1*12,PCS,9,0,0,0,0,77.43,99,77.43,87,ITC LIMITED.,,14-09-2018,,-  -,-  -,ITC LIMITED.                  PATNA,C10A21-22133,14-09-2018,
294,KADHAHI(NON STIK)-1025/- 1*1,PCS,1,0,0,0,0,0,1025,0,0,M-CASH,,29-12-2014,1025,-  -,-  -,,,-  -,
481,KAJU BADAM 10/- 1*120,PCS,36,0,0,0,0,8,10,8.67,0,ITC LIMITED.,,13-02-2014,10,-  -,-  -,ITC LIMITED.                  PATNA,96605254,14-02-2014,
482,KAJU BADAM 20/- 1*30,PCS,24,0,0,0,0,15,20,17.33,0,ITC LIMITED.,,27-09-2013,20,-  -,-  -,ITC LIMITED.                  PATNA,96081383,27-09-2013,
120,KARRATE+MT.BOTEL. 1*24,PCS,2256,0,0,0,0,0,10.41,10.41,10.42,LUMBINI BEVERAGES PVT.LTD,,16-03-2017,12,-  -,-  -,,,-  -,
328,KATUN-CIG. 1*1,PCS,280,0,0,0,0,0,0,0,11,M-CASH,,26-06-2015,0,-  -,-  -,,,-  -,
461,KESHRI ELAICHI 20/- 1*30,PCS,60,0,0,0,0,15,20,16.76,0,ITC LIMITED.,,28-05-2015,20,-  -,-  -,ITC LIMITED.                  PATNA,98402540,29-05-2015,
526,KUKAR 1*1,PCS,19,0,0,0,0,0,1000,0,0,CASH,,30-06-2016,1000,-  -,-  -,,,-  -,
580,KUPAM-AIRTEL.MRP-20/- 1*50,PCS,500,0,0,0,0,0,20,19.15,0,BHARTI AIRTEL LTD.,,30-05-2017,20,-  -,-  -,BHARTI AIRTEL LTD-KUPAN.      PATNA.,25,30-05-2017,
579,KUPAN-AIRTEL.MRP-10/- 1*50,PCS,30500,0,0,0,0,0,10,9.51,0,BHARTI AIRTEL LTD.,,21-01-2017,10,-  -,-  -,BHARTI AIRTEL LTD-KUPAN.      PATNA.,285200,31-05-2017,
581,KUPAN-AIRTEL.MRP-30/- 1*50,PCS,510,0,0,0,0,0,30,28.73,0,BHARTI AIRTEL LTD.,,15-01-2017,30,-  -,-  -,BHARTI AIRTEL LTD-EASY.       MUMBAI.,2563,15-01-2017,
570,KWIK NIC MINT 1*5,PCS,100,0,0,0,0,40,50,40.54,45,ITC LIMITED.,,13-12-2016,,-  -,-  -,ITC LIMITED.                  PATNA,16923344,23-06-2017,
571,KWIK NIC PAAN 1*5,PCS,125,0,0,0,0,8.11,50,8.11,45,ITC LIMITED.,,13-12-2016,,-  -,-  -,ITC LIMITED.                  PATNA,16923344,23-06-2017,
314,LACTO JUMBO 650/- 1*4,PCS,12,0,0,0,0,569.58,650,569.58,0,ITC LIMITED.,,25-09-2017,,-  -,-  -,ITC LIMITED.                  PATNA,C10A21816557,28-11-2017,
199,LACTO POUCH.50/- 1*36,PCS,10,0,0,0,0,43,50,46.44,45,ITC LIMITED.,,17-01-2015,50,-  -,-  -,ITC LIMITED.                  PATNA,16702871,05-05-2017,
FA4802M,LACTO.MRP-150 1*15,PCS,25,0,0,0,0,126.01,150,126.01,0,ITC LIMITED.,,26-02-2018,FA4802M,-  -,-  -,ITC LIMITED.                  PATNA,17037763,18-07-2017,
FC4812F,LACTO.MRP-165 1*16,PCS,107,0,0,0,0,142.3,165,142.3,141,ITC LIMITED.,,29-09-2018,,-  -,-  -,ITC LIMITED.                  PATNA,C10A21-24672,29-09-2018,
21,"M,D.SADHVI-15/-4IN1(11427) 1*288",PCS,7176,0,0,0,0,8.08,10,8.08,12,ITC LIMITED.,,27-07-2017,,-  -,-  -,ITC LIMITED.                  PATNA,C10A21-17730,09-08-2018,
11106,"M,DEEP.AG-5/-MIX 1*432",PCS,356,0,0,0,0,3.91,5,3.91,4,ITC LIMITED.,,09-10-2018,,-  -,-  -,ITC LIMITED.                  PATNA,C10A21-25540,09-10-2018,
11747,M-DEEP.AG-20/-(70 ANUSHRI) 1*144,PCS,14998,0,0,0,0,15.55,20,15.55,17,ITC LIMITED.,,21-10-2018,,-  -,-  -,ITC LIMITED.                  PATNA,C10A21-26574,21-10-2018,
628,M.DEEP 12 MOGRA FLEXI 12/- 1*336,PCS,4608,0,0,0,0,8.03,12,8.03,8,ITC LIMITED.,,04-08-2017,,-  -,-  -,ITC LIMITED.                  PATNA,C10A21811267,28-03-2018,
469,M.DEEP 15/-GOLD 1*240,PCS,203,0,0,0,0,12,15,11.26,12,ITC LIMITED.,,02-01-2014,15,-  -,-  -,ITC LIMITED.                  PATNA,966772513,27-03-2014,
433,M.DEEP 40/-YANTRA 1*60,PCS,6,0,0,0,0,30,40,7.74,35,ITC LIMITED.,,04-12-2013,40,-  -,-  -,,,-  -,
29,M.DEEP 5/-MIX 1*432,PCS,36,0,0,0,0,3.91,5,3.91,4,ITC LIMITED.,,15-10-2018,5,-  -,-  -,ITC LIMITED.                  PATNA,C10A21-26496,15-10-2018,
77,M.DEEP 50/-MIX 1*60,PCS,36,0,0,0,0,40.4,50,40.4,44,ITC LIMITED.,,11-11-2015,50,-  -,-  -,ITC LIMITED.                  PATNA,C10A2191-190,12-04-2018,
77,M.DEEP 50/-MIX 1*60,PCS,414,0,0,0,0,40.4,50,40.4,42,ITC LIMITED.,,19-04-2018,,-  -,-  -,ITC LIMITED.                  PATNA,C10A21922020,19-04-2018,
377,M.DEEP 7/-CHAMPA 1*720,PCS,618,0,0,0,0,4,7,3.72,5,ITC LIMITED.,,17-08-2015,7,-  -,-  -,,,-  -,
169,M.DEEP DHOOP BATTI.2/- 1*960,PCS,36,0,0,0,0,1.5,2,1.5,1.6,ITC LIMITED.,,04-12-2013,2,-  -,-  -,,,-  -,
265,M.DEEP DHOOP(20) 15/- 1*144,PCS,12072,0,0,0,0,8.08,15,8.08,0,ITC LIMITED.,,21-09-2014,15,-  -,-  -,ITC LIMITED.                  PATNA,C10A-17366,05-12-2017,
11786,M.DEEP LAVENDER 10/- 1*240,PCS,1200,0,0,0,0,8.08,10,8.08,9,,,17-09-2018,,-  -,-  -,ITC LIMITED.                  PATNA,C10A21-22572,17-09-2018,
329,M.DEEP SADHVI 8/- 1*432,PCS,2488,0,0,0,0,5,8,3.88,4,ITC LIMITED.,,24-10-2015,8,-  -,-  -,ITC LIMITED.                  PATNA,99138138,29-11-2015,
301,M.DEEP SADHVI-35/- 1*108,PCS,10,0,0,0,0,25.69,35,25.69,27,ITC LIMITED.,,04-10-2018,35     .00,-  -,-  -,ITC LIMITED.                  PATNA,C10A21-25031,04-10-2018,
371,M.DEEP.15/-FLORA. 1*216,PCS,216,0,0,0,0,8,15,8.09,9,ITC LIMITED.,,04-12-2015,15,-  -,-  -,ITC LIMITED.                  PATNA,99153403,03-12-2015,
367,M.DEEP.AG-10/-MIX(MT FREE) 1*240,PCS,4082,0,0,0,0,8.08,10,8.08,9,ITC LIMITED.,,04-10-2018,10,-  -,-  -,ITC LIMITED.                  PATNA,C10A21-25031,04-10-2018,
621,M.DEEP.AG-10/-MIX. 1*240,PCS,3620,0,0,0,0,8.08,10,8.08,9,ITC LIMITED.,,15-07-2017,10,-  -,-  -,ITC LIMITED.                  PATNA,C10A21-20672,03-09-2018,
621,M.DEEP.AG-10/-MIX. 1*240,PCS,11750,0,0,0,0,8.08,10,8.08,9,ITC LIMITED.,,13-10-2018,,-  -,-  -,ITC LIMITED.                  PATNA,C10A21-26233,13-10-2018,
268,M.DEEP.AG-15/- ANUSHRI 1*144,PCS,960,0,0,0,0,11.67,15,11.67,12,ITC LIMITED.,,22-01-2016,15,-  -,-  -,ITC LIMITED.                  PATNA,C10A21901566,14-04-2018,
508,M.DEEP.AG-SADHAWI-13/- 1*288,PCS,20,0,0,0,0,7,10,6.7,9,ITC LIMITED.,,17-06-2015,10,-  -,-  -,ITC LIMITED.                  PATNA,15400219,10-07-2016,
618,M.DHOOP16 4IN1 FREE MACHIS 15/ 1*144,PCS,288,0,0,0,0,11.67,15,11.67,8,ITC LIMITED.,,12-07-2017,,-  -,-  -,ITC LIMITED.                  PATNA,C10A21-16887,02-08-2018,
567,MARGO GLY.(3+1).102/- 1*36,PCS,192,0,0,0,0,2225.87,102,71.1,90,,,30-11-2016,,-  -,-  -,ASHUTOSH ENTERPRISES.         AURANGABAD,4999,20-12-2016,
612,MARGO SOAP 50G 1*300 1*300,PCS,3900,0,0,0,0,7.89,10,7.89,0,ITC LIMITED.,,31-08-2017,,-  -,-  -,ASHUTOSH ENTERPRISES.         AURANGABAD,P000255,28-09-2017,
247,MARGO.MRP-10/-45GM. 1*300,PCS,348,0,0,0,0,0,10,7.89,9,JYOTHY LOBORATORIES LIMITED,,31-08-2017,10,-  -,-  -,ASHUTOSH ENTERPRISES.         AURANGABAD,P000198,12-09-2017,
32,MARIE LIGHT OATS 30/- 1*15,PCS,65,0,0,0,0,27,30,25.72,0,ITC LIMITED.,,01-08-2017,,-  -,-  -,ITC LIMITED.                  PATNA,P000106,17-08-2017,
271,MARIE LITE 30/- 1*16,PCS,456,0,0,0,0,25.41,30,25.41,27,ITC LIMITED.,,23-05-2018,30,-  -,-  -,ITC LIMITED.                  PATNA,C10A21-19729,24-08-2018,
psvso0022,MARIE LITE.10/-(FB701240P) 1*30,PCS,90,0,0,0,0,8.47,10,8.47,9,ITC LIMITED.,,01-04-2018,,-  -,-  -,ITC LIMITED.                  PATNA,C10A21-15423,24-07-2018,
193,MARIE LITE.MRP-5/- 1*120,PCS,7563,0,0,0,0,4.24,5,4.24,4.5,ITC LIMITED.,,21-10-2018,1,-  -,-  -,ITC LIMITED.                  PATNA,C10A21-26576,21-10-2018,
PENPK0054,MARKET DEVELOPMENT SERVICES,PCS,3136,0,0,0,0,0,1,0,1,ITC LIMITED.,,01-04-2018,1,-  -,-  -,,,-  -,
55,MAXO COIL.MRP-32/- 1*48,PCS,16,0,0,0,0,22.83,32,22.83,24,JYOTHY LOBORATORIES LIMITED,,31-08-2017,32,-  -,-  -,JYOTHY LABORATORIES LIMITED.  PATNA.,8497104920,13-03-2018,
365,MAYA-ROSE-10/- 1*240,PCS,40,0,0,0,0,0,10,6.56,9,JYOTHY LOBORATORIES LIMITED,,29-06-2017,10,-  -,-  -,JYOTHY LABORATORIES LIMITED.  PATNA.,8497104920,13-03-2018,
11769,MD.100 SADHVI 35/- 1*108,PCS,108,0,0,0,0,25.69,35,25.69,32,ITC LIMITED.,,31-07-2018,,-  -,-  -,ITC LIMITED.                  PATNA,C10A21-16505,31-07-2018,
379,MINTO FRESS-JUMBU-MRP-1/- 1*6,PCS,9,0,0,0,0,490,560,470.12,0,ITC LIMITED.,,11-01-2016,560,-  -,-  -,ITC LIMITED.                  PATNA,15071591,22-04-2016,
FC4930AG,MINTO GOL.ASST(3.73G*200)200/- 1*15,PCS,45,0,0,0,0,167.9,200,167.9,180,ITC LIMITED.,,29-09-2018,,-  -,-  -,ITC LIMITED.                  PATNA,C10A21-24672,29-09-2018,
166,MOM'S BUTTER.MRP-10/- 1*72,PCS,1,0,0,0,0,0,0,1236,0,ITC LIMITED.,,26-02-2018,,-  -,-  -,ITC LIMITED.                  PATNA,CD,26-02-2018,
166,MOM'S BUTTER.MRP-10/- 1*72,PCS,78,0,0,0,0,8.59,10,8.59,9,ITC LIMITED.,,25-10-2018,0,-  -,-  -,ITC LIMITED.                  PATNA,C10A21-27225,25-10-2018,
370,MOM'S BUTTER.MRP-30/- 1*32,PCS,2316,0,0,0,0,25.77,30,25.77,27,ITC LIMITED.,,25-10-2018,0,-  -,-  -,ITC LIMITED.                  PATNA,C10A21-27225,25-10-2018,
27,MOM'S BUTTER.MRP-5/- 1*144,PCS,58590,0,0,0,0,4.3,5,4.3,4.5,ITC LIMITED.,,12-10-2018,,-  -,-  -,ITC LIMITED.                  PATNA,C10A21-25967,12-10-2018,
165,MOM'S CASHEW.MRP-10/- 1*72,PCS,301,0,0,0,0,8.59,10,8.59,9,ITC LIMITED.,,18-09-2018,,-  -,-  -,ITC LIMITED.                  PATNA,C10A21-22747,18-09-2018,
241,MOM'S CASHEW.MRP-30/- 1*32,PCS,1287,0,0,0,0,25.77,30,25.77,27,ITC LIMITED.,,12-10-2018,1,-  -,-  -,ITC LIMITED.                  PATNA,C10A21-25967,12-10-2018,
58,MOM'S CASHEW.MRP-5/- 1*144,PCS,4740,0,0,0,0,4.3,0,4.3,4.5,ITC LIMITED.,,25-10-2018,2     0.00,-  -,-  -,ITC LIMITED.                  PATNA,C10A21-27225,25-10-2018,
psvso0032,MOM'S CAW MILK.MRP-5/- 1*144,PCS,1096,0,0,0,0,4.3,5,4.3,4.6,ITC LIMITED.,,14-09-2018,,-  -,-  -,ITC LIMITED.                  PATNA,C10A21-22114,14-09-2018,
FB453100,MOM'S FROUT MILK-10/- 1*72,PCS,12,0,0,0,0,8.59,10,8.59,9,ITC LIMITED.,,25-09-2018,,-  -,-  -,ITC LIMITED.                  PATNA,C10A21-24019,25-09-2018,
631,MOMS MASIC(DILISIOUS)-30/ 1*40,PCS,142,0,0,0,0,25.41,30,25.41,27,ITC LIMITED.,,24-08-2017,,-  -,-  -,ITC LIMITED.                  PATNA,C10A21917798,30-05-2018,
332,MORE LITE 25ML-5/- 1*425,PCS,850,0,0,0,0,0,5,2.8,4,JYOTHY LOBORATORIES LIMITED,,24-06-2017,5,-  -,-  -,ASHUTOSH ENTERPRISES.         AURANGABAD,8497101535,24-06-2017,
162,MORE LITE-100ML.15/- 1*144,PCS,144,0,0,0,0,0,15,6.73,12,JYOTHY LOBORATORIES LIMITED,,25-05-2017,15,-  -,-  -,,,-  -,
210,MT-GOD. 1*24,PCS,55,0,0,0,0,0,10.41,0,11.67,LUMBINI BEVERAGES PVT.LTD,,22-04-2017,10.41,-  -,-  -,,,-  -,
267,MUNCH MRP 5/- 1*24,PCS,450,0,0,0,0,0,5,4,4.5,O,,25-01-2016,5,-  -,-  -,,,-  -,
456,NATKHAT MANGO POUCH 1*40,PCS,34,0,0,0,0,41.23,50,41.23,45,ITC LIMITED.,,04-01-2016,125,-  -,-  -,ITC LIMITED.                  PATNA,99288401,03-01-2016,
FC4257F,NATKHAT MANGO.125. 1*15,PCS,15,0,0,0,0,104.95,125,104.95,111,ITC LIMITED.,,18-09-2018,125,-  -,-  -,ITC LIMITED.                  PATNA,C10A21-22743,18-09-2018,
67,NAVYCUT 10-(1000) 1*10,PCS,4000,0,0,0,0,45.56,10,3.89,9.02,ITC LIMITED.,,25-10-2018,69,-  -,-  -,ITC LIMITED.                  PATNA,C10A21-27223,25-10-2018,
94,NCR -10-HL.MRP-60/-(1017) 1*10,PCS,1000,0,0,0,0,5.04,5,1.92,5.41,ITC LIMITED.,,15-10-2018,48,-  -,-  -,ITC LIMITED.                  PATNA,C10A21-26495,15-10-2018,
1173,NCR MINT 10 (1173) 1*10,PCS,1950,0,0,0,0,4.03,48,1.08,4.27,ITC LIMITED.,,23-01-2018,8,-  -,-  -,ITC LIMITED.                  PATNA,C10A21813104,23-01-2018,
108,NICE 150 GM 20/- 1*48,PCS,3,0,0,0,0,15,20,17.02,0,ITC LIMITED.,,09-09-2014,20,-  -,-  -,ITC LIMITED.                  PATNA,98884153,26-09-2015,
PNMFC0020,NIMYLE F CLEANER CITRO 120/- 1*20,PCS,99,0,0,0,0,102.2,120,102.2,100,,,13-10-2018,,-  -,-  -,ITC LIMITED.                  PATNA,C10A21-26233,13-10-2018,
PNMFC0017,NIMYLE F CLEANER H 450ML 70/- 1*36,PCS,324,0,0,0,0,59.62,70,59.62,57,,,21-10-2018,,-  -,-  -,ITC LIMITED.                  PATNA,C10A21-26574,21-10-2018,
PNMFC0016,NIMYLE F CLEANER HERBAL 125/- 1*20,PCS,98,0,0,0,0,106.46,125,106.46,105,,,13-10-2018,,-  -,-  -,ITC LIMITED.                  PATNA,C10A21-26233,13-10-2018,
PNMFC0013,NIMYLE F CLEANER PINE 110/- 1*20,PCS,60,0,0,0,0,93.69,110,93.69,95,,,13-10-2018,,-  -,-  -,ITC LIMITED.                  PATNA,C10A21-26233,13-10-2018,
PNMFC0021,NIMYLE F CLNER CITRO 500ML 70/ 1*36,PCS,240,0,0,0,0,59.62,70,59.62,60,,,13-10-2018,,-  -,-  -,ITC LIMITED.                  PATNA,C10A21-26233,13-10-2018,
FXN100005,NO RULZ MIX 5/- 1*150,PCS,15080,0,0,0,0,4.29,5,4.29,4.5,ITC LIMITED.,,25-10-2018,,-  -,-  -,ITC LIMITED.                  PATNA,C10A21-27225,25-10-2018,
203,OYC-190-LIT. 1*1,PCS,2,0,0,0,0,0,9500,8500,9500,LUMBINI BEVERAGES PVT.LTD,,31-03-2017,9500,-  -,-  -,,,-  -,
203,OYC-190-LIT. 1*1,PCS,2,0,0,0,0,0,9500,8500,9500,LUMBINI BEVERAGES PVT.LTD,,02-04-2017,8500,-  -,-  -,LUMBINI BEVERAGES PVT.LTD     PATNA,2,02-04-2017,
431,PAINAPPLE CREAM 10 1*48,PCS,18,0,0,0,0,8,10,8.83,0,ITC LIMITED.,,28-12-2013,10,-  -,-  -,ITC LIMITED.                  PATNA,96428319,30-12-2013,
510,PASS PASS JAR-135/- 1*32,PCS,14,0,0,0,0,0,135,0,115,DHARAMPAL PREMCHAND LTD.,,25-05-2016,135,-  -,-  -,,,-  -,
410,PASS-2 ZIPPER-5/-(GREEN) 1*70,PCS,2.67,0,0,0,0,0,60,46.83,48,DHARAMPAL PREMCHAND LTD.,,31-05-2016,60,-  -,-  -,DHARAMPAL PREMCHAND LTD.      PATNA.,503,31-05-2016,
392,PASS-2-ZIPER(RED-5)MRP-60/- 1*70,PCS,0.7,0,0,0,0,0,60,40.9,48,DHARAMPAL PREMCHAND LTD.,,28-06-2016,60,-  -,-  -,DHARAMPAL PREMCHAND LTD.      PATNA.,1786,27-02-2016,
227,PASTAMASALA BLUE 23/- 1*72,PCS,113,0,0,0,0,18,23,19.93,21.5,ITC LIMITED.,,31-05-2016,23,-  -,-  -,ITC LIMITED.                  PATNA,15232226,31-05-2016,
264,PASTAMASALA RED 20/- 1*72,PCS,1,0,0,0,0,15,20,17.43,18,ITC LIMITED.,,07-04-2016,20,-  -,-  -,,,-  -,
541,PLAYER-GOLD FLAKE.(102) 1*10,PCS,3730,0,0,0,0,4.17,0,1.19,4.42,ITC LIMITED.,,25-09-2018,5,-  -,-  -,ITC LIMITED.                  PATNA,C10A21-23929,25-09-2018,
psvso0018,POSTAR 1*1,PCS,500,0,0,0,0,3.88,5,3.88,0,,,12-02-2018,,-  -,-  -,DHARAMPAL PREMCHAND LTD.      PATNA.,TI17-01432,12-02-2018,
395,PULS GUAVA.MRP-115. 1*16,PCS,0.1,0,0,0,0,0,115,98.9,0,DHARAMPAL PREMCHAND LTD.,,22-07-2016,115,-  -,-  -,DHARAMPAL PREMCHAND LTD.      PATNA.,11/2015/2103,31-03-2015,
394,PULS MANGO.MRP-115. 1*16,PCS,0.3,0,0,0,0,0,115,98.9,0,DHARAMPAL PREMCHAND LTD.,,22-07-2016,115,-  -,-  -,DHARAMPAL PREMCHAND LTD.      PATNA.,1338,31-08-2016,
377,REGENCY POT 1*1,PCS,2,0,0,0,0,0,1800,1500,0,M-CASH,,17-12-2015,1800,-  -,-  -,JYOTHY LABORATORIES LIMITED.  PATNA.,254,15-12-2015,
290,REPAR ATTA. 1*1,PCS,1,0,0,0,0,0,60,60,0,ITC LIMITED.,,05-07-2016,60,-  -,-  -,,,-  -,
549,REPLACMENT SIM-HLR-2 1*1,PCS,50,0,0,0,0,0,100,15,0,IDEA CELULAR LTD.,,01-09-2016,100,-  -,-  -,IDEA CELLULAR LTD-EASY.       PATNA,625,01-09-2016,
550,REPLACMENT SIM-HLR-3 1*1,PCS,50,0,0,0,0,0,100,15,0,IDEA CELULAR LTD.,,01-09-2016,100,-  -,-  -,IDEA CELLULAR LTD-EASY.       PATNA,625,01-09-2016,
407,RG-ELAICHI JAR-180/- 1*32,PCS,0.3,0,0,0,0,0,180,151.2,0,DHARAMPAL PREMCHAND LTD.,,28-06-2016,180,-  -,-  -,DHARAMPAL PREMCHAND LTD.      PATNA.,502,31-05-2016,
402,RJ.ELAICHI.POUCH.60/- 1*204,PCS,0.3,0,0,0,0,0,60,49.41,0,DHARAMPAL PREMCHAND LTD.,,28-06-2016,60,-  -,-  -,DHARAMPAL PREMCHAND LTD.      PATNA.,502,31-05-2016,
595,S T S COOL 52/- 1*96,PCS,97,0,0,0,0,43.57,52,43.57,0,ITC LIMITED.,,25-03-2017,,-  -,-  -,ITC LIMITED.                  PATNA,C10A21911565,14-04-2018,
14,S.SHAMPOO 50/-BLACK 1*3000,PCS,675,0,0,0,0,4,0.5,0.4,0,ITC LIMITED.,,28-06-2013,0.5,-  -,-  -,ITC LIMITED.                  PATNA,96365675,14-12-2013,
432,S.SHAMPOO 50/-GREEN 1*3000,PCS,500,0,0,0,0,4,0.5,0.4,0,ITC LIMITED.,,12-03-2011,0.5,-  -,-  -,ITC LIMITED.                  PATNA,95887227,07-08-2013,
337,S.SHAMPOO.1/-GREEN 1*1440,PCS,7780,0,0,0,0,0.8,1,0.77,0,ITC LIMITED.,,13-07-2013,1,-  -,-  -,ITC LIMITED.                  PATNA,98777306,01-09-2015,
490,S.SILK MILK 50/- 1*35,PCS,61,0,0,35,1,35,54,43.85,0,ITC LIMITED.,,30-01-2015,54,-  -,-  -,ITC LIMITED.                  PATNA,94873052,30-10-2012,
13,S.SILK MILK.10/- 1*72,PCS,2088,0,0,0,0,8,10,8.41,0,ITC LIMITED.,,03-05-2013,10,-  -,-  -,ITC LIMITED.                  PATNA,96779719,31-03-2014,
489,S.SILK PAPAYA 50/- 1*35,PCS,33,0,0,36,1,40,54,42.63,0,ITC LIMITED.,,16-05-2015,54,-  -,-  -,ITC LIMITED.                  PATNA,95978707,04-09-2013,
497,S.SILK PAPAYA.10/- 1*72,PCS,351,0,0,0,0,8,10,8.41,0,ITC LIMITED.,,13-09-2013,10,-  -,-  -,ITC LIMITED.                  PATNA,96048153,21-09-2013,
48,SALT.1KG.MRP-17/-. 1*50,PCS,74567,0,0,0,0,7.82,18,7.82,8,ITC LIMITED.,,04-10-2018,18,-  -,-  -,ITC LIMITED.                  PATNA,D10A21-00270,04-10-2018,
psvso0037,SALTED CHILLI BISCUITS 10/- 1*56,PCS,309,0,0,0,0,8.47,10,8.47,8.5,ITC LIMITED.,,29-09-2018,,-  -,-  -,ITC LIMITED.                  PATNA,C10A21-24672,29-09-2018,
psvso0038,SALTED CRACKER BISCUITS 5/- 1*84,PCS,84,0,0,0,0,4.24,5,4.24,4.5,ITC LIMITED.,,05-06-2018,,-  -,-  -,ITC LIMITED.                  PATNA,C10A2191-940,24-05-2018,
105,SALTED CRACKER.10/- 1*56,PCS,5,0,0,0,0,415.91,10,8.43,9,ITC LIMITED.,,05-06-2018,,-  -,-  -,,,-  -,
PSVSO0043,SAV.GLY-45GM*4(3+1).38/- 1*36,PCS,788,0,0,0,0,32.96,65,32.96,36,ITC LIMITED.,,17-09-2018,,-  -,-  -,ITC LIMITED.                  PATNA,C10A21-22570,17-09-2018,
psvso0024,SAV.PROTECT(45gm)Rs10/- 1*144,PCS,5940,0,0,0,0,8.67,10,8.67,9,ITC LIMITED.,,25-10-2018,,-  -,-  -,ITC LIMITED.                  PATNA,C10A21-27225,25-10-2018,
PSVSO0044,SAV.PROTECT(75G*3+1)Rs-93/- 1*24,PCS,18,0,0,0,0,70.04,90,70.04,78,ITC LIMITED.,,29-03-2018,,-  -,-  -,,,-  -,
PSVSO0044,SAV.PROTECT(75G*3+1)Rs-93/- 1*24,PCS,598,0,0,0,0,80.67,93,80.67,78,ITC LIMITED.,,12-10-2018,80,-  -,-  -,ITC LIMITED.                  PATNA,48C10A2191-2,12-10-2018,
psvso0026,SAVLON GLY(3+1)-93/- 1*24,PCS,125,0,0,0,0,80.67,93,80.67,86,ITC LIMITED.,,01-04-2018,,-  -,-  -,ITC LIMITED.                  PATNA,C10A21-17163,04-08-2018,
622,SAVLON GLY(3+1).RS-90/ 1*24,PCS,106,0,0,0,0,80.67,90,80.67,82,ITC LIMITED.,,04-08-2017,,-  -,-  -,ITC LIMITED.                  PATNA,C10A21913272,28-04-2018,
psvso0004,SAVLON GLY-(3+1)90/- 1*24,PCS,103,0,0,0,0,80.67,90,80.67,79,ITC LIMITED.,,10-04-2017,80,-  -,-  -,ITC LIMITED.                  PATNA,C10A21-15148,21-07-2018,
psvso0004,SAVLON GLY-(3+1)90/- 1*24,PCS,134,0,0,0,0,78.07,90,78.07,81,ITC LIMITED.,,02-11-2017,90,-  -,-  -,ITC LIMITED.                  PATNA,17513021,02-11-2017,
596,SAVLON GLY-(4+1)132/- 1*18,PCS,36,0,0,0,0,122.31,132,122.31,120,ITC LIMITED.,,26-07-2017,,-  -,-  -,ITC LIMITED.                  PATNA,C10A21810706,25-03-2018,
PSVSO0002,SAVLON GLY-75G 31/- 1*144,PCS,144,0,0,0,0,26.89,31,26.89,29,,,25-09-2018,,-  -,-  -,ITC LIMITED.                  PATNA,C10A21-23930,25-09-2018,
psvso0002,SAVLON GLY-75GM.27/- 1*144,PCS,549,0,0,0,0,23.42,27,23.42,24.6,ITC LIMITED.,,23-12-2017,,-  -,-  -,ITC LIMITED.                  PATNA,C10A2-19435,23-12-2017,
319,SAVLON GLY.MRP-10/- 1*144,PCS,3257,0,0,0,0,8.67,10,8.67,9,ITC LIMITED.,,13-10-2018,10,-  -,-  -,ITC LIMITED.                  PATNA,C10A21-26233,13-10-2018,
418,SAVLON LIQED-100 ML. 1*72,PCS,120,0,0,0,0,28.99,36.9,28.99,25.5,ITC LIMITED.,,22-03-2016,30.5,-  -,-  -,ITC LIMITED.                  PATNA,C10A21-18961,18-08-2018,
418,SAVLON LIQED-100 ML. 1*72,PCS,432,0,0,0,0,28.37,36.9,28.37,25.5,ITC LIMITED.,,18-01-2018,36.9    30.5,-  -,-  -,ITC LIMITED.                  PATNA,C10A21812611,18-01-2018,
418,SAVLON LIQED-100 ML. 1*72,PCS,219,0,0,0,0,29.29,36.9,29.29,25.5,ITC LIMITED.,,12-10-2018,123,-  -,-  -,ITC LIMITED.                  PATNA,48C10A2191-2,12-10-2018,
419,SAVLON LIQED-1000-ML. 1*12,PCS,38,0,0,0,0,194.51,253,194.51,181.5,ITC LIMITED.,,22-03-2016,216.5,-  -,-  -,ITC LIMITED.                  PATNA,C10A2191-695,23-05-2018,
419,SAVLON LIQED-1000-ML. 1*12,PCS,24,0,0,0,0,200,216.5,166.45,181.5,ITC LIMITED.,,02-09-2016,216.5,-  -,-  -,ITC LIMITED.                  PATNA,15635324,03-09-2016,
538,SAVLON LIQUED-500 ML. 1*24,PCS,18,0,0,0,0,100,118,90.72,93,ITC LIMITED.,,06-06-2017,118,-  -,-  -,ITC LIMITED.                  PATNA,15621180,30-08-2016,
539,SAVLON LIQUID-200 ML. 1*24,PCS,89,0,0,0,0,50.11,63.8,50.11,47,ITC LIMITED.,,17-03-2018,,-  -,-  -,ITC LIMITED.                  PATNA,C10A21-17163,04-08-2018,
420,SAVLON LIQUID-50.ML 1*144,PCS,1001,0,0,0,0,15.85,19.96,15.85,15,ITC LIMITED.,,21-10-2018,,-  -,-  -,ITC LIMITED.                  PATNA,C10A21-26574,21-10-2018,
533,"SAVLON SOAP-72/-75X3.D,STRENTH 1*32",PCS,49,0,0,0,0,52.88,72,52.88,68,ITC LIMITED.,,02-09-2016,72,-  -,-  -,ITC LIMITED.                  PATNA,16796534,25-05-2017,
530,"SAVLON SOAP.10/-D,STRENTH 1*144",PCS,99,0,0,0,0,8.67,10,8.67,9.1,ITC LIMITED.,,31-08-2017,10,-  -,-  -,ITC LIMITED.                  PATNA,17068920,26-07-2017,
psval0008,SAVLON-50ML.LIQUID. 1*144,PCS,1900,0,0,0,0,13.95,18.15,13.95,14,ITC LIMITED.,,23-09-2017,16.5,-  -,-  -,ITC LIMITED.                  PATNA,17577069,16-11-2017,
404,SAWER TO SAWER 150+50gm 95/- 1*32,PCS,3,0,0,0,0,79.6,95,79.6,50,ITC LIMITED.,,18-02-2016,0,-  -,-  -,ITC LIMITED.                  PATNA,C10A21819973,20-03-2018,
320,SAWER TO SHOWER 125/- 1*24,PCS,47,0,0,0,0,100,125,137.58,112,ITC LIMITED.,,17-05-2015,125,-  -,-  -,ST.DEHRI ON SONE.             DEHRI ON SON,16489467,21-03-2017,
150,SAWER TO SHOWER 50/- 1*96,PCS,347,0,0,0,0,45,45,41.94,38,ITC LIMITED.,,28-05-2015,45,-  -,-  -,ST.DEHRI ON SONE.             DEHRI ON SON,16489467,21-03-2017,
316,SAWER TO SHOWER 75/- 1*48,PCS,16,0,0,0,0,65,75,62.95,63,ITC LIMITED.,,28-04-2015,75,-  -,-  -,ITC LIMITED.                  PATNA,15090438,27-04-2016,
545,SIM CARD-MRP-5/- 1*1,PCS,1222,0,0,0,0,0,10,4,5,IDEA CELULAR LTD.,,29-08-2016,5,-  -,-  -,BHARTI AIRTEL LTD-KUPAN.      PATNA.,230921,31-05-2017,
545,SIM CARD-MRP-5/- 1*1,PCS,2900,0,0,0,0,0,10,10,5,IDEA CELULAR LTD.,,01-09-2016,10,-  -,-  -,IDEA CELLELAR LTD-KUPAN.      PATNA.,94428,21-10-2016,
548,SIM REPLACEMENT-HLR-1 1*1,PCS,37,0,0,0,0,15,100,15,50,,,01-09-2016,100,-  -,-  -,IDEA CELLULAR LTD-EASY.       PATNA,625,01-09-2016,
551,SIM-DSE 1*1,PCS,5,0,0,0,0,0,5,5,0,IDEA CELULAR LTD.,,01-09-2016,5,-  -,-  -,IDEA CELLULAR LTD-EASY.       PATNA,625,01-09-2016,
464,STRA.VANILLA.10/- 1*72,PCS,48,0,0,0,0,8,10,8.67,9,ITC LIMITED.,,24-12-2013,10,-  -,-  -,ITC LIMITED.                  PATNA,96784885,31-03-2014,
54,STRA.VANILLA.20/- 1*48,PCS,96,0,0,0,0,15,20,17.34,23,ITC LIMITED.,,28-12-2013,20,-  -,-  -,ITC LIMITED.                  PATNA,96682575,05-03-2014,
288,SUN AQWA MINARAL WATER. 1*12,PCS,288,0,0,0,0,0,14,6.25,7.5,S,,26-02-2011,14,-  -,-  -,,94,31-05-2011,
71,SUP 66*3 N.GLOW 30/- 1*48,PCS,96,0,0,0,0,1080.76,30,25.56,27.27,ITC LIMITED.,,26-04-2018,,-  -,-  -,,,-  -,
64,SUP 66*3 S.SALDLE 30/- 1*48,PCS,211,0,0,0,0,1066.8,30,25.23,27.27,ITC LIMITED.,,08-05-2018,,-  -,-  -,,,-  -,
62,SUP L.FRESS-90GM-10/- 1*144,PCS,5339,0,0,0,0,9,10,8.51,9,ITC LIMITED.,,21-01-2016,10,-  -,-  -,ITC LIMITED.                  PATNA,17338225,23-09-2017,
62,SUP L.FRESS-90GM-10/- 1*144,PCS,1872,0,0,0,0,9,20,8.26,9,ITC LIMITED.,,30-03-2016,20,-  -,-  -,ITC LIMITED.                  PATNA,15225785,28-05-2016,
62,SUP L.FRESS-90GM-10/- 1*144,PCS,288,0,0,0,0,9,20,8.01,9,ITC LIMITED.,,02-09-2016,10,-  -,-  -,ITC LIMITED.                  PATNA,15635323,03-09-2016,
264,"SUP,D.ROSE S,FREE-10/- 1*144",PCS,1464,0,0,0,0,9,10,8.19,9,ITC LIMITED.,,07-01-2016,10,-  -,-  -,ITC LIMITED.                  PATNA,99332676,17-01-2016,
263,"SUP,DELUXE PEACH 10/- 1*144",PCS,1452,0,0,0,0,9,10,8.26,9,ITC LIMITED.,,09-03-2015,10,-  -,-  -,ITC LIMITED.                  PATNA,99607807,29-03-2016,
350,"SUP,DX.WHITE-SEM.FREE-10/ 1*144",PCS,1249,0,0,0,0,8,10,8.23,9,ITC LIMITED.,,10-08-2015,10,-  -,-  -,ITC LIMITED.                  PATNA,98798157,09-09-2015,
203,"SUP,SEMPU-3.5-ML. 1*240",PCS,15104,0,0,0,0,0.4,0.5,0.4,0.42,ITC LIMITED.,,13-12-2010,0.5,-  -,-  -,ITC LIMITED.                  PATNA,93203098,25-04-2011,
116,"SUP,SEMPU.3.5-ML 1*240",PCS,13926,0,0,0,0,0.4,0.5,0.4,0.42,ITC LIMITED.,,16-11-2011,0.5,-  -,-  -,ITC LIMITED.                  PATNA,94721562,19-09-2012,
116,SUP.SILK BOX 1*100,PCS,123,0,0,0,0,0,0,0,9,ITC LIMITED.,,30-08-2013,0,-  -,-  -,,,-  -,
PTS697,SUPERIA GANGAJAL.66/-4+1.SILK 1*24,PCS,492,0,0,0,0,57.25,66,57.25,60,ITC LIMITED.,,13-10-2018,,-  -,-  -,ITC LIMITED.                  PATNA,C10A21-26233,13-10-2018,
133,SUPERIA MIX 5/- 1*240,PCS,1635,0,0,0,0,4,30,4.08,4,ITC LIMITED.,,09-10-2014,30,-  -,-  -,ITC LIMITED.                  PATNA,97836220,05-01-2015,
PTS679,SUPRIYA GAN 3+1.30/-(L FRESS) 1*48,PCS,3849,0,0,0,0,25.54,30,25.54,27.27,ITC LIMITED.,,15-02-2018,,-  -,-  -,ITC LIMITED.                  PATNA,C10A21-17516,08-08-2018,
PTS679,SUPRIYA GAN 3+1.30/-(L FRESS) 1*48,PCS,4425,0,0,0,0,25.54,30,25.54,27.27,ITC LIMITED.,,25-10-2018,30,-  -,-  -,ITC LIMITED.                  PATNA,C10A21-27225,25-10-2018,
PTS677,SUPRIYA GAN 3+1.30/-(MIX) 1*48,PCS,1486,0,0,0,0,25.53,30,25.53,27.27,ITC LIMITED.,,01-04-2017,,-  -,-  -,ITC LIMITED.                  PATNA,C10A21-11648,26-06-2018,
318,SWEET N SALT 10/- 1*90,PCS,122,0,0,0,0,8,10,8.33,9,ITC LIMITED.,,26-06-2015,10,-  -,-  -,ITC LIMITED.                  PATNA,98864852,25-09-2015,
223,SWEET N SALT 5/- 1*168,PCS,804,0,0,0,0,4,5,4.17,4.5,ITC LIMITED.,,17-05-2015,5,-  -,-  -,ITC LIMITED.                  PATNA,98858388,23-09-2015,
FA4261,TADKA 100/- 1*15,PCS,137,0,0,0,0,84.41,100,84.41,87,ITC LIMITED.,,28-01-2017,,-  -,-  -,ITC LIMITED.                  PATNA,C10A2191-798,30-05-2018,
FA4261,TADKA 100/- 1*15,PCS,71,0,0,0,0,81.74,100,81.74,87,ITC LIMITED.,,18-07-2018,FA4261,-  -,-  -,ITC LIMITED.                  PATNA,C10A21814343,01-02-2018,
FA4263,TADKA 660+60G 165/- 1*15,PCS,106,0,0,0,0,144.22,165,144.22,141,ITC LIMITED.,,13-10-2018,,-  -,-  -,ITC LIMITED.                  PATNA,C10A21-26233,13-10-2018,
FC4061,TADKA TIME ASSORTED 5/- 1*384,PCS,7950,0,0,0,0,4.37,5,4.37,4.65,ITC LIMITED.,,25-09-2018,,-  -,-  -,ITC LIMITED.                  PATNA,C10A21-24050,25-09-2018,
486,TANGLE MASALA 10/- 1*108,PCS,5,0,0,0,0,806.08,10,8.58,9,ITC LIMITED.,,08-06-2017,10,-  -,-  -,ITC LIMITED.                  PATNA,15836374,20-10-2016,
42,TANGLES-5/-MIX 1*180,PCS,236,0,0,0,0,4,5,4.29,4.5,ITC LIMITED.,,02-04-2018,5,-  -,-  -,ITC LIMITED.                  PATNA,16424390,06-03-2017,
177,TEDHE MEDHE-10(MASALA TADKA) 1*96,PCS,1515,0,0,0,0,8.58,10,8.58,9,ITC LIMITED.,,08-08-2018,,-  -,-  -,ITC LIMITED.                  PATNA,C10A21-20672,03-09-2018,
177,TEDHE MEDHE-10(MASALA TADKA) 1*96,PCS,136,0,0,0,0,8.58,10,8.58,9,ITC LIMITED.,,25-10-2018,10,-  -,-  -,ITC LIMITED.                  PATNA,C10A21-27225,25-10-2018,
507,TEDHE MEDHE-10/(ACHARI MASTI) 1*96,PCS,163,0,0,0,0,8.58,10,8.58,9,ITC LIMITED.,,10-07-2018,10,-  -,-  -,ITC LIMITED.                  PATNA,C10A21-14779,19-07-2018,
507,TEDHE MEDHE-10/(ACHARI MASTI) 1*96,PCS,195,0,0,0,0,8.58,10,8.58,9,ITC LIMITED.,,14-10-2018,,-  -,-  -,ITC LIMITED.                  PATNA,C10A21-26277,14-10-2018,
154,TEDHE MEDHE-MRP-5/- 1*180,PCS,151058.934,0,0,0,0,4.29,5,4.29,4.5,ITC LIMITED.,,25-10-2018,,-  -,-  -,ITC LIMITED.                  PATNA,C10A61-00221,25-10-2018,
41,THERMO WARE. 1*1,PCS,2,0,0,0,0,4.29,0,4.29,0,ITC LIMITED.,,22-01-2014,0,-  -,-  -,,123,28-01-2014,
531,TOFFICHOO 200/- 1*15,PCS,271,0,0,0,0,167.91,200,167.91,180,ITC LIMITED.,,14-07-2016,200,-  -,-  -,ITC LIMITED.                  PATNA,C10A21816922,22-02-2018,
196,TOFFICHOO JUMBO 600/- 1*4,PCS,15,0,0,0,0,478.43,600,478.43,570,ITC LIMITED.,,24-06-2018,,-  -,-  -,ITC LIMITED.                  PATNA,C10A21912248,21-04-2018,
161,TOFFICHOO.125/- 1*15,PCS,208,0,0,0,0,104.87,125,104.87,111,ITC LIMITED.,,24-01-2017,125,-  -,-  -,ITC LIMITED.                  PATNA,C10A21-17769,10-08-2018,
247,TOFISTAND. 1*1,PCS,49,0,0,0,0,0,0,0,0,M-CASH,,05-01-2011,0,-  -,-  -,ITC LIMITED.                  PATNA,2156,05-01-2011,
399,TUTIFUTI JAR-150/- 1*32,PCS,0.2,0,0,0,0,0,150,126.58,135,DHARAMPAL PREMCHAND LTD.,,28-06-2016,150,-  -,-  -,DHARAMPAL PREMCHAND LTD.      PATNA.,503,31-05-2016,
403,TUTIFUTI-COLA JAR.MRP-100. 1*32,PCS,0.3,0,0,0,0,0,100,84.39,87,DHARAMPAL PREMCHAND LTD.,,28-06-2016,100,-  -,-  -,DHARAMPAL PREMCHAND LTD.      PATNA.,503,31-05-2016,
78,UJALA 30 ML 8/- 1*300,PCS,700,0,0,0,0,0,8,6.72,6.6,JYOTHY LOBORATORIES LIMITED,,24-05-2017,7,-  -,-  -,ASHUTOSH ENTERPRISES.         AURANGABAD,8497100645,20-05-2017,
383,VIP SKYBAG DURODF 52 1*1,PCS,3,0,0,0,0,0,0,0,0,M-CASH,,24-12-2015,0,-  -,-  -,ASHUTOSH ENTERPRISES.         AURANGABAD,5,22-12-2015,
169,VIRGINIA FT 10 1*12,PCS,4920,0,0,0,0,20.83,20,2.08,1.79,ITC LIMITED.,,12-05-2012,20,-  -,-  -,ITC LIMITED.                  PATNA,94709358,16-09-2012,
211,VISI AGREMENT PAPER 1*1,PCS,24,0,0,0,0,0,0,0,0,LUMBINI BEVERAGES PVT.LTD,,15-02-2014,0,-  -,-  -,LUMBINI BEVERAGES PVT.LTD     PATNA,D1800903,02-05-2015,
PVVSO0712,VIVEL COOL MINT 51g 10/- 1*144,PCS,444,0,0,0,0,8.32,10,8.32,9,ITC LIMITED.,,11-08-2018,,-  -,-  -,ITC LIMITED.                  PATNA,C10A21-19484,22-08-2018,
350,VIVEL FAIR-40 MRP.25gm 1*72,PCS,6,0,0,0,0,25,5,34.29,32.5,ITC LIMITED.,,14-06-2017,,-  -,-  -,,,-  -,
109,VIVEL L.CREAM 25/- 1*36,PCS,1,0,0,0,0,20,25,21.14,23.5,ITC LIMITED.,,06-10-2016,,-  -,-  -,,,-  -,
623,VIVEL(S)10/-(LOTUS) 1*144,PCS,1856,0,0,0,0,8.32,0,8.32,9,,,26-07-2017,,-  -,-  -,ITC LIMITED.                  PATNA,C10A21919787,12-06-2018,
psvso0034,VIVEL(S)174/-(150GM*5) 1*12,PCS,13,0,0,0,0,150.93,174,150.93,160,ITC LIMITED.,,23-05-2018,,-  -,-  -,ITC LIMITED.                  PATNA,C10A21916695,23-05-2018,
626,VIVEL(S)28/-(LOTUS OIL) 1*72,PCS,456,0,0,0,0,24.29,28,24.29,26,ITC LIMITED.,,20-03-2018,,-  -,-  -,ITC LIMITED.                  PATNA,C10A21-20332,31-08-2018,
546,VIVIL(S)-10/-(NEEM)(PVVS00612) 1*144,PCS,2740,0,0,0,0,8.32,10,8.32,9,ITC LIMITED.,,15-10-2018,,-  -,-  -,ITC LIMITED.                  PATNA,C10A21-26496,15-10-2018,
PVVSO0708,VIVIL(S)-108/-(NEEM-4+1) 1*18,PCS,72,0,0,0,0,93.69,108,93.69,96,ITC LIMITED.,,02-04-2017,17500,-  -,-  -,ITC LIMITED.                  PATNA,C10A21-10964,21-06-2018,
619,VIVIL(S)-20/-(NEEM). 1*72,PCS,801,0,0,0,0,16.63,20,16.63,18,ITC LIMITED.,,01-07-2017,1,-  -,-  -,ITC LIMITED.                  PATNA,P000155,31-08-2017,
psvso0031,VIVIL(S)-24/-(NEEM 100gm) 1*72,PCS,271,0,0,0,0,20.82,24,20.82,21,ITC LIMITED.,,01-05-2018,,-  -,-  -,ITC LIMITED.                  PATNA,C10A21-10964,21-06-2018,
606,VIVIL(S)-78/-(NEEM.3+1) 1*18,PCS,83,0,0,0,0,67.66,78,67.66,72,ITC LIMITED.,,01-06-2017,,-  -,-  -,ITC LIMITED.                  PATNA,C10A2181-42,05-07-2017,
155,VIVIL(S)10/-(ALOVIRA) 1*144,PCS,4230,0,0,0,0,8.32,10,8.32,9.1,ITC LIMITED.,,25-10-2018,10,-  -,-  -,ITC LIMITED.                  PATNA,C10A21-27225,25-10-2018,
460,VIVIL(S)10/-(DEO) 1*144,PCS,3879,0,0,0,0,9,50,8.39,9,ITC LIMITED.,,18-10-2016,50,-  -,-  -,ITC LIMITED.                  PATNA,16825846,30-05-2017,
460,VIVIL(S)10/-(DEO) 1*144,PCS,8889,0,0,0,0,8.32,10,8.32,9,ITC LIMITED.,,25-10-2018,,-  -,-  -,ITC LIMITED.                  PATNA,C10A21-27225,25-10-2018,
615,VIVIL(S)25/-(FRUT MIX) 1*72,PCS,242,0,0,0,0,0,25,22,22.5,ITC LIMITED.,,19-03-2018,,-  -,-  -,,,-  -,
556,VIVIL(S)27/-(GREEN TEA) 1*72,PCS,53,0,0,0,0,24.29,25,24.29,26.5,ITC LIMITED.,,22-08-2017,,-  -,-  -,ITC LIMITED.                  PATNA,P000124,22-08-2017,
558,VIVIL(S)27/-(MIX FROUT) 1*72,PCS,60,0,0,0,0,25,29,25.4,26.5,ITC LIMITED.,,29-10-2016,,-  -,-  -,ITC LIMITED.                  PATNA,16870804,09-06-2017,
PVVSO0368,VIVIL(S)29/-(ALOVIRA) 1*72,PCS,50,0,0,0,0,23.42,27,23.42,26.5,ITC LIMITED.,,15-06-2018,,-  -,-  -,ITC LIMITED.                  PATNA,C10A21910688,19-06-2018,
11748,VIVIL-28/-(ALOVIRA) 1*72,PCS,522,0,0,0,0,24.29,28,24.29,23,ITC LIMITED.,,04-10-2018,,-  -,-  -,ITC LIMITED.                  PATNA,C10A21-25031,04-10-2018,
555,VIVIL-GLYCIRIN.31/- 1*72,PCS,111,0,0,0,0,28.63,33,28.63,30,ITC LIMITED.,,19-06-2018,,-  -,-  -,ITC LIMITED.                  PATNA,C10A21816210,15-02-2018,
PVVS00490,VIVIL-GLYCIRINE.198/-(1*6) 1*12,PCS,82,0,0,0,0,171.75,198,171.75,180,ITC LIMITED.,,05-12-2017,,-  -,-  -,ITC LIMITED.                  PATNA,C10A-17366,05-12-2017,
PVVSO0489,VIVIL-GLYCIRINE.99/-100*3 1*24,PCS,72,0,0,0,0,85.88,99,85.88,90,ITC LIMITED.,,28-12-2017,,-  -,-  -,ITC LIMITED.                  PATNA,C10A21810017,28-12-2017,
462,WATCH 1*1,PCS,1,0,0,0,0,0,0,17.01,0,M-CASH,,22-01-2014,0,-  -,-  -,,123,28-01-2014,
168,WATER JUG-CELLO. 1*1,PCS,8,0,0,0,0,0,0,0,0,M-CASH,,30-11-2013,0,-  -,-  -,,,-  -,
FN1555,YIPEE MOOD MASALA 280G 55/- 1*24,PCS,48,0,0,0,0,47.68,55,47.68,50,ITC LIMITED.,,04-10-2018,55,-  -,-  -,ITC LIMITED.                  PATNA,C10A21-25031,04-10-2018,
FN1205H,YIPPEE ATTA-15/-. 1*96,PCS,919,0,0,0,0,12.33,15,12.33,13.5,ITC LIMITED.,,28-07-2016,15,-  -,-  -,ITC LIMITED.                  PATNA,C10A21810022,28-12-2017,
144,YIPPEE CHINESE MSALA 15/- 1*96,PCS,480,0,0,0,0,13.01,15,13.01,14,ITC LIMITED.,,28-03-2018,,-  -,-  -,ITC LIMITED.                  PATNA,C10A21811266,28-03-2018,
FR1212B,YIPPEE FREE-10/-ATTA 5kg 1*96,PCS,18,0,0,0,0,0,10,0,0,ITC LIMITED.,,14-08-2018,6,-  -,-  -,ITC LIMITED.                  PATNA,C10A21-19151,20-08-2018,
424,YIPPEE M.MASALA-12. 1*96,PCS,1214,0,0,0,0,10.4,12,10.4,11,ITC LIMITED.,,20-07-2018,10,-  -,-  -,ITC LIMITED.                  PATNA,C10A21908006,31-05-2018,
FN1245GP,YIPPEE M.MASALA-45/-(240G). 1*24,PCS,262,0,0,0,0,39.02,45,39.02,42,ITC LIMITED.,,29-09-2018,,-  -,-  -,ITC LIMITED.                  PATNA,C10A21-24672,29-09-2018,
423,YIPPEE M.MASALA-5/- 1*252,PCS,69792,0,0,0,0,4.42,5,4.42,4.67,ITC LIMITED.,,25-10-2018,5,-  -,-  -,ITC LIMITED.                  PATNA,C10A21-27225,25-10-2018,
FN1267FP,YIPPEE MAGIC MASALA 60/-(360G) 1*16,PCS,32,0,0,0,0,52.02,60,52.02,55,ITC LIMITED.,,21-10-2018,,-  -,-  -,ITC LIMITED.                  PATNA,C10A21-26575,21-10-2018,
FN1212BP,YIPPEE MASIC MASALA-10/- 1*96,PCS,12127,0,0,0,0,8.67,10,8.67,9,ITC LIMITED.,,12-10-2018,,-  -,-  -,ITC LIMITED.                  PATNA,C10A21-25967,12-10-2018,
,ZZZZZZ 1019,,72,0,0,0,0,68.13,82,68.13,76,ITC LIMITED.,,22-04-2018,,-  -,-  -,ITC LIMITED.                  PATNA,C10A21912598,24-04-2018,
1,ZZZZZZ 967,,96,0,0,0,0,69.64,82,69.64,76,ITC LIMITED.,,13-08-2017,,-  -,-  -,ITC LIMITED.                  PATNA,P000199,15-09-2017,
